filename,label
Image_3699.jpg,MANGROVE SKIPPER
Image_1293.jpg,PEACOCK
Image_2611.jpg,MESTRA
Image_4245.jpg,BLACK HAIRSTREAK
Image_3318.jpg,AN 88
Image_4350.jpg,CLOUDED SULPHUR
Image_3890.jpg,RED CRACKER
Image_3046.jpg,PEACOCK
Image_5173.jpg,PAINTED LADY
Image_1351.jpg,PAPER KITE
Image_5168.jpg,RED POSTMAN
Image_695.jpg,METALMARK
Image_2247.jpg,APPOLLO
Image_58.jpg,ELBOWED PIERROT
Image_2222.jpg,ZEBRA LONG WING
Image_5088.jpg,CHESTNUT
Image_5179.jpg,BLACK HAIRSTREAK
Image_1082.jpg,COMMON BANDED AWL
Image_3089.jpg,CHESTNUT
Image_3985.jpg,ORANGE TIP
Image_3258.jpg,GREY HAIRSTREAK
Image_1718.jpg,GREY HAIRSTREAK
Image_3131.jpg,RED SPOTTED PURPLE
Image_2395.jpg,AMERICAN SNOOT
Image_2519.jpg,PINE WHITE
Image_1121.jpg,RED POSTMAN
Image_4324.jpg,ELBOWED PIERROT
Image_927.jpg,BANDED ORANGE HELICONIAN
Image_833.jpg,IPHICLUS SISTER
Image_154.jpg,SILVER SPOT SKIPPER
Image_863.jpg,BROWN SIPROETA
Image_632.jpg,CABBAGE WHITE
Image_4860.jpg,IPHICLUS SISTER
Image_2959.jpg,GREAT EGGFLY
Image_290.jpg,PINE WHITE
Image_3074.jpg,ZEBRA LONG WING
Image_1723.jpg,PIPEVINE SWALLOW
Image_723.jpg,JULIA
Image_3622.jpg,STRAITED QUEEN
Image_2296.jpg,RED ADMIRAL
Image_4525.jpg,PURPLISH COPPER
Image_4769.jpg,ELBOWED PIERROT
Image_539.jpg,MANGROVE SKIPPER
Image_2161.jpg,ORANGE TIP
Image_506.jpg,GREAT EGGFLY
Image_2997.jpg,CLEOPATRA
Image_1687.jpg,CHECQUERED SKIPPER
Image_4252.jpg,PINE WHITE
Image_354.jpg,COMMON BANDED AWL
Image_4555.jpg,EASTERN DAPPLE WHITE
Image_979.jpg,ORANGE TIP
Image_2761.jpg,ELBOWED PIERROT
Image_2975.jpg,RED SPOTTED PURPLE
Image_4186.jpg,SOUTHERN DOGFACE
Image_444.jpg,PIPEVINE SWALLOW
Image_2218.jpg,GREEN CELLED CATTLEHEART
Image_1388.jpg,PAPER KITE
Image_1872.jpg,ELBOWED PIERROT
Image_1983.jpg,ADONIS
Image_1100.jpg,IPHICLUS SISTER
Image_5183.jpg,IPHICLUS SISTER
Image_1863.jpg,RED ADMIRAL
Image_1145.jpg,GREY HAIRSTREAK
Image_3964.jpg,SCARCE SWALLOW
Image_1198.jpg,COMMON BANDED AWL
Image_2149.jpg,ORANGE TIP
Image_2949.jpg,PAPER KITE
Image_3126.jpg,BANDED PEACOCK
Image_680.jpg,PAINTED LADY
Image_738.jpg,YELLOW SWALLOW TAIL
Image_2478.jpg,SLEEPY ORANGE
Image_3967.jpg,IPHICLUS SISTER
Image_1698.jpg,BLACK HAIRSTREAK
Image_2601.jpg,COMMON BANDED AWL
Image_1415.jpg,EASTERN DAPPLE WHITE
Image_5055.jpg,SCARCE SWALLOW
Image_2392.jpg,PAINTED LADY
Image_4261.jpg,PEACOCK
Image_2224.jpg,GREEN CELLED CATTLEHEART
Image_3053.jpg,ORANGE TIP
Image_4072.jpg,GREY HAIRSTREAK
Image_4337.jpg,GREEN CELLED CATTLEHEART
Image_221.jpg,SILVER SPOT SKIPPER
Image_117.jpg,APPOLLO
Image_3541.jpg,ATALA
Image_1477.jpg,SOUTHERN DOGFACE
Image_3468.jpg,BROWN SIPROETA
Image_4127.jpg,WOOD SATYR
Image_4911.jpg,AMERICAN SNOOT
Image_1226.jpg,PURPLE HAIRSTREAK
Image_1318.jpg,INDRA SWALLOW
Image_4689.jpg,PAINTED LADY
Image_3549.jpg,CLEOPATRA
Image_657.jpg,PAINTED LADY
Image_2500.jpg,MESTRA
Image_3400.jpg,PEACOCK
Image_3381.jpg,CRECENT
Image_4800.jpg,BLUE MORPHO
Image_1330.jpg,PINE WHITE
Image_1428.jpg,POPINJAY
Image_4433.jpg,STRAITED QUEEN
Image_4227.jpg,JULIA
Image_2130.jpg,BECKERS WHITE
Image_882.jpg,BROWN SIPROETA
Image_967.jpg,PAINTED LADY
Image_3515.jpg,TWO BARRED FLASHER
Image_2431.jpg,INDRA SWALLOW
Image_4844.jpg,SLEEPY ORANGE
Image_3761.jpg,CRIMSON PATCH
Image_837.jpg,AN 88
Image_1026.jpg,WOOD SATYR
Image_4007.jpg,PIPEVINE SWALLOW
Image_3071.jpg,APPOLLO
Image_650.jpg,SOUTHERN DOGFACE
Image_3086.jpg,ELBOWED PIERROT
Image_1259.jpg,AMERICAN SNOOT
Image_825.jpg,SOUTHERN DOGFACE
Image_1858.jpg,GREAT EGGFLY
Image_3717.jpg,PIPEVINE SWALLOW
Image_3878.jpg,DANAID EGGFLY
Image_3190.jpg,BLUE SPOTTED CROW
Image_2718.jpg,ATALA
Image_565.jpg,COMMON WOOD-NYMPH
Image_2693.jpg,STRAITED QUEEN
Image_4731.jpg,BLACK HAIRSTREAK
Image_619.jpg,PAPER KITE
Image_2750.jpg,LARGE MARBLE
Image_2432.jpg,SILVER SPOT SKIPPER
Image_4280.jpg,MILBERTS TORTOISESHELL
Image_1438.jpg,YELLOW SWALLOW TAIL
Image_1716.jpg,SILVER SPOT SKIPPER
Image_3274.jpg,PIPEVINE SWALLOW
Image_4011.jpg,CRECENT
Image_3836.jpg,TWO BARRED FLASHER
Image_4607.jpg,SCARCE SWALLOW
Image_2207.jpg,EASTERN DAPPLE WHITE
Image_3501.jpg,SLEEPY ORANGE
Image_714.jpg,PURPLISH COPPER
Image_3283.jpg,EASTERN COMA
Image_1353.jpg,SLEEPY ORANGE
Image_4515.jpg,POPINJAY
Image_859.jpg,TWO BARRED FLASHER
Image_3938.jpg,TROPICAL LEAFWING
Image_4188.jpg,RED ADMIRAL
Image_4196.jpg,PIPEVINE SWALLOW
Image_4560.jpg,AMERICAN SNOOT
Image_3443.jpg,MILBERTS TORTOISESHELL
Image_1755.jpg,SOUTHERN DOGFACE
Image_914.jpg,EASTERN PINE ELFIN
Image_676.jpg,PIPEVINE SWALLOW
Image_4439.jpg,BLUE SPOTTED CROW
Image_4634.jpg,AFRICAN GIANT SWALLOWTAIL
Image_193.jpg,VICEROY
Image_3588.jpg,PIPEVINE SWALLOW
Image_4619.jpg,LARGE MARBLE
Image_4045.jpg,GREAT EGGFLY
Image_3185.jpg,PAINTED LADY
Image_4154.jpg,CHECQUERED SKIPPER
Image_1412.jpg,BLACK HAIRSTREAK
Image_3021.jpg,EASTERN DAPPLE WHITE
Image_2860.jpg,GREAT JAY
Image_1566.jpg,PAINTED LADY
Image_2270.jpg,PURPLE HAIRSTREAK
Image_2661.jpg,RED POSTMAN
Image_2127.jpg,CLOUDED SULPHUR
Image_4597.jpg,BLUE SPOTTED CROW
Image_797.jpg,CLODIUS PARNASSIAN
Image_1334.jpg,MANGROVE SKIPPER
Image_4841.jpg,PAINTED LADY
Image_3196.jpg,COPPER TAIL
Image_305.jpg,CRIMSON PATCH
Image_890.jpg,ZEBRA LONG WING
Image_2790.jpg,MONARCH
Image_5161.jpg,SCARCE SWALLOW
Image_4164.jpg,RED SPOTTED PURPLE
Image_1781.jpg,BANDED PEACOCK
Image_827.jpg,ADONIS
Image_1161.jpg,ULYSES
Image_5081.jpg,PINE WHITE
Image_2759.jpg,ELBOWED PIERROT
Image_4848.jpg,AMERICAN SNOOT
Image_4494.jpg,EASTERN COMA
Image_1118.jpg,DANAID EGGFLY
Image_292.jpg,GREY HAIRSTREAK
Image_3498.jpg,PIPEVINE SWALLOW
Image_3106.jpg,GREEN CELLED CATTLEHEART
Image_4600.jpg,BLUE MORPHO
Image_2853.jpg,IPHICLUS SISTER
Image_4587.jpg,AN 88
Image_1052.jpg,PAPER KITE
Image_1094.jpg,PAPER KITE
Image_4139.jpg,BROWN SIPROETA
Image_4360.jpg,MONARCH
Image_959.jpg,ATALA
Image_2200.jpg,ULYSES
Image_326.jpg,BROWN SIPROETA
Image_3553.jpg,ORCHARD SWALLOW
Image_2324.jpg,INDRA SWALLOW
Image_777.jpg,IPHICLUS SISTER
Image_732.jpg,MOURNING CLOAK
Image_3294.jpg,ULYSES
Image_2523.jpg,YELLOW SWALLOW TAIL
Image_2094.jpg,STRAITED QUEEN
Image_1076.jpg,SILVER SPOT SKIPPER
Image_3756.jpg,YELLOW SWALLOW TAIL
Image_3068.jpg,EASTERN DAPPLE WHITE
Image_982.jpg,ELBOWED PIERROT
Image_1949.jpg,QUESTION MARK
Image_4004.jpg,COMMON BANDED AWL
Image_2856.jpg,ULYSES
Image_3187.jpg,MOURNING CLOAK
Image_4565.jpg,BECKERS WHITE
Image_4282.jpg,CRIMSON PATCH
Image_4672.jpg,SOOTYWING
Image_3325.jpg,BLUE SPOTTED CROW
Image_3094.jpg,PINE WHITE
Image_4071.jpg,WOOD SATYR
Image_1546.jpg,IPHICLUS SISTER
Image_4566.jpg,GREAT JAY
Image_1427.jpg,CLEOPATRA
Image_3639.jpg,EASTERN DAPPLE WHITE
Image_2549.jpg,EASTERN DAPPLE WHITE
Image_1294.jpg,IPHICLUS SISTER
Image_1961.jpg,MOURNING CLOAK
Image_3963.jpg,ORCHARD SWALLOW
Image_2293.jpg,PAINTED LADY
Image_1065.jpg,ORANGE OAKLEAF
Image_2968.jpg,MOURNING CLOAK
Image_1821.jpg,MOURNING CLOAK
Image_2509.jpg,MOURNING CLOAK
Image_799.jpg,SLEEPY ORANGE
Image_3080.jpg,JULIA
Image_5066.jpg,IPHICLUS SISTER
Image_4175.jpg,ADONIS
Image_3923.jpg,SCARCE SWALLOW
Image_5094.jpg,BLUE SPOTTED CROW
Image_3237.jpg,WOOD SATYR
Image_26.jpg,LARGE MARBLE
Image_596.jpg,BROWN SIPROETA
Image_2076.jpg,CABBAGE WHITE
Image_2732.jpg,DANAID EGGFLY
Image_1186.jpg,VICEROY
Image_72.jpg,RED POSTMAN
Image_3252.jpg,CRECENT
Image_559.jpg,MONARCH
Image_3268.jpg,CHESTNUT
Image_1407.jpg,MESTRA
Image_2283.jpg,ORANGE TIP
Image_3803.jpg,GREAT JAY
Image_3444.jpg,TROPICAL LEAFWING
Image_167.jpg,YELLOW SWALLOW TAIL
Image_2484.jpg,STRAITED QUEEN
Image_1156.jpg,MONARCH
Image_309.jpg,CLEOPATRA
Image_4420.jpg,BECKERS WHITE
Image_3111.jpg,SILVER SPOT SKIPPER
Image_3558.jpg,EASTERN COMA
Image_2614.jpg,MESTRA
Image_725.jpg,ADONIS
Image_3859.jpg,BANDED ORANGE HELICONIAN
Image_1504.jpg,COMMON BANDED AWL
Image_3210.jpg,YELLOW SWALLOW TAIL
Image_2486.jpg,PIPEVINE SWALLOW
Image_2042.jpg,COPPER TAIL
Image_1709.jpg,VICEROY
Image_3245.jpg,BLACK HAIRSTREAK
Image_3038.jpg,PURPLISH COPPER
Image_4884.jpg,WOOD SATYR
Image_4817.jpg,MESTRA
Image_41.jpg,MANGROVE SKIPPER
Image_1553.jpg,SOUTHERN DOGFACE
Image_630.jpg,ELBOWED PIERROT
Image_4989.jpg,MALACHITE
Image_39.jpg,AFRICAN GIANT SWALLOWTAIL
Image_283.jpg,VICEROY
Image_411.jpg,ATALA
Image_4951.jpg,TROPICAL LEAFWING
Image_464.jpg,CLEOPATRA
Image_3565.jpg,GREEN CELLED CATTLEHEART
Image_4677.jpg,GOLD BANDED
Image_3841.jpg,ULYSES
Image_1555.jpg,GREEN CELLED CATTLEHEART
Image_5160.jpg,BANDED PEACOCK
Image_204.jpg,ATALA
Image_2585.jpg,ORANGE TIP
Image_4949.jpg,RED SPOTTED PURPLE
Image_470.jpg,METALMARK
Image_4910.jpg,BANDED PEACOCK
Image_4724.jpg,SOUTHERN DOGFACE
Image_3371.jpg,COMMON WOOD-NYMPH
Image_2343.jpg,LARGE MARBLE
Image_2493.jpg,POPINJAY
Image_2147.jpg,CHESTNUT
Image_989.jpg,GREAT JAY
Image_639.jpg,YELLOW SWALLOW TAIL
Image_4764.jpg,YELLOW SWALLOW TAIL
Image_4858.jpg,VICEROY
Image_5165.jpg,CLOUDED SULPHUR
Image_2195.jpg,BLACK HAIRSTREAK
Image_2358.jpg,BLACK HAIRSTREAK
Image_1398.jpg,EASTERN PINE ELFIN
Image_2752.jpg,ATALA
Image_1424.jpg,AFRICAN GIANT SWALLOWTAIL
Image_4091.jpg,BLACK HAIRSTREAK
Image_4745.jpg,BANDED ORANGE HELICONIAN
Image_1036.jpg,MONARCH
Image_1032.jpg,ORANGE OAKLEAF
Image_3282.jpg,MALACHITE
Image_1335.jpg,INDRA SWALLOW
Image_3769.jpg,MOURNING CLOAK
Image_3305.jpg,CLOUDED SULPHUR
Image_2635.jpg,ATALA
Image_2134.jpg,ORCHARD SWALLOW
Image_692.jpg,JULIA
Image_672.jpg,POPINJAY
Image_3846.jpg,MOURNING CLOAK
Image_4432.jpg,COPPER TAIL
Image_3082.jpg,CLEOPATRA
Image_3694.jpg,CAIRNS BIRDWING
Image_2513.jpg,SLEEPY ORANGE
Image_1019.jpg,BLACK HAIRSTREAK
Image_4783.jpg,SOUTHERN DOGFACE
Image_1306.jpg,MANGROVE SKIPPER
Image_1143.jpg,SOUTHERN DOGFACE
Image_585.jpg,PIPEVINE SWALLOW
Image_502.jpg,CHECQUERED SKIPPER
Image_2401.jpg,COMMON WOOD-NYMPH
Image_151.jpg,RED ADMIRAL
Image_620.jpg,SOOTYWING
Image_1984.jpg,DANAID EGGFLY
Image_4700.jpg,CRIMSON PATCH
Image_2288.jpg,PURPLISH COPPER
Image_1653.jpg,MANGROVE SKIPPER
Image_1368.jpg,CLEOPATRA
Image_2434.jpg,METALMARK
Image_3142.jpg,ORANGE OAKLEAF
Image_4082.jpg,IPHICLUS SISTER
Image_4842.jpg,PURPLISH COPPER
Image_4529.jpg,CABBAGE WHITE
Image_819.jpg,BECKERS WHITE
Image_4410.jpg,EASTERN COMA
Image_729.jpg,SLEEPY ORANGE
Image_1690.jpg,INDRA SWALLOW
Image_3573.jpg,DANAID EGGFLY
Image_252.jpg,BANDED PEACOCK
Image_3238.jpg,SILVER SPOT SKIPPER
Image_3522.jpg,ORANGE OAKLEAF
Image_3824.jpg,GOLD BANDED
Image_1906.jpg,ULYSES
Image_1228.jpg,SLEEPY ORANGE
Image_3927.jpg,DANAID EGGFLY
Image_2980.jpg,BROWN SIPROETA
Image_107.jpg,AFRICAN GIANT SWALLOWTAIL
Image_3980.jpg,BECKERS WHITE
Image_4356.jpg,BANDED PEACOCK
Image_225.jpg,CLODIUS PARNASSIAN
Image_2972.jpg,APPOLLO
Image_5148.jpg,MOURNING CLOAK
Image_3275.jpg,BLACK HAIRSTREAK
Image_84.jpg,SLEEPY ORANGE
Image_4908.jpg,RED CRACKER
Image_2950.jpg,GREAT JAY
Image_1070.jpg,WOOD SATYR
Image_1574.jpg,ORANGE OAKLEAF
Image_5188.jpg,AMERICAN SNOOT
Image_3127.jpg,APPOLLO
Image_190.jpg,PINE WHITE
Image_3017.jpg,SLEEPY ORANGE
Image_1529.jpg,SOUTHERN DOGFACE
Image_1773.jpg,QUESTION MARK
Image_3033.jpg,BECKERS WHITE
Image_4733.jpg,PURPLISH COPPER
Image_23.jpg,ZEBRA LONG WING
Image_4779.jpg,BLUE MORPHO
Image_2166.jpg,RED SPOTTED PURPLE
Image_430.jpg,MANGROVE SKIPPER
Image_925.jpg,RED SPOTTED PURPLE
Image_3056.jpg,IPHICLUS SISTER
Image_526.jpg,PAPER KITE
Image_1104.jpg,AMERICAN SNOOT
Image_1849.jpg,AFRICAN GIANT SWALLOWTAIL
Image_3201.jpg,CLEOPATRA
Image_4499.jpg,CRECENT
Image_3851.jpg,SOOTYWING
Image_1897.jpg,SOOTYWING
Image_122.jpg,ATALA
Image_2013.jpg,PURPLISH COPPER
Image_2547.jpg,CHESTNUT
Image_1325.jpg,COMMON WOOD-NYMPH
Image_3228.jpg,MALACHITE
Image_4866.jpg,COPPER TAIL
Image_4258.jpg,QUESTION MARK
Image_603.jpg,BLUE MORPHO
Image_939.jpg,EASTERN DAPPLE WHITE
Image_4423.jpg,SILVER SPOT SKIPPER
Image_2360.jpg,SILVER SPOT SKIPPER
Image_3600.jpg,RED ADMIRAL
Image_2862.jpg,SCARCE SWALLOW
Image_4973.jpg,PURPLE HAIRSTREAK
Image_4557.jpg,POPINJAY
Image_1801.jpg,ORCHARD SWALLOW
Image_2814.jpg,MANGROVE SKIPPER
Image_4572.jpg,EASTERN DAPPLE WHITE
Image_2703.jpg,POPINJAY
Image_5185.jpg,CLODIUS PARNASSIAN
Image_4838.jpg,CRECENT
Image_903.jpg,GREY HAIRSTREAK
Image_2427.jpg,BLUE MORPHO
Image_5047.jpg,CRIMSON PATCH
Image_3926.jpg,PEACOCK
Image_162.jpg,PURPLISH COPPER
Image_2357.jpg,CRECENT
Image_5180.jpg,MALACHITE
Image_1277.jpg,EASTERN PINE ELFIN
Image_857.jpg,CHESTNUT
Image_911.jpg,ORANGE OAKLEAF
Image_1558.jpg,CRIMSON PATCH
Image_1536.jpg,METALMARK
Image_76.jpg,SILVER SPOT SKIPPER
Image_415.jpg,MONARCH
Image_2088.jpg,MONARCH
Image_201.jpg,AN 88
Image_795.jpg,PIPEVINE SWALLOW
Image_3768.jpg,GREEN CELLED CATTLEHEART
Image_211.jpg,METALMARK
Image_1680.jpg,METALMARK
Image_4309.jpg,COMMON WOOD-NYMPH
Image_3762.jpg,ELBOWED PIERROT
Image_3822.jpg,VICEROY
Image_2095.jpg,RED SPOTTED PURPLE
Image_2170.jpg,ORCHARD SWALLOW
Image_4792.jpg,YELLOW SWALLOW TAIL
Image_2821.jpg,ORANGE TIP
Image_4543.jpg,SCARCE SWALLOW
Image_2775.jpg,SCARCE SWALLOW
Image_20.jpg,MANGROVE SKIPPER
Image_2565.jpg,MONARCH
Image_1177.jpg,METALMARK
Image_1461.jpg,MANGROVE SKIPPER
Image_5107.jpg,COPPER TAIL
Image_3681.jpg,ELBOWED PIERROT
Image_1779.jpg,DANAID EGGFLY
Image_2457.jpg,BROWN SIPROETA
Image_1554.jpg,ORANGE OAKLEAF
Image_3668.jpg,IPHICLUS SISTER
Image_3155.jpg,BANDED PEACOCK
Image_4018.jpg,CRIMSON PATCH
Image_1017.jpg,CHECQUERED SKIPPER
Image_3156.jpg,CLOUDED SULPHUR
Image_2480.jpg,AFRICAN GIANT SWALLOWTAIL
Image_1611.jpg,CLOUDED SULPHUR
Image_265.jpg,PIPEVINE SWALLOW
Image_5019.jpg,ADONIS
Image_3659.jpg,PAINTED LADY
Image_306.jpg,CAIRNS BIRDWING
Image_4047.jpg,RED ADMIRAL
Image_2709.jpg,RED ADMIRAL
Image_1992.jpg,BANDED PEACOCK
Image_824.jpg,APPOLLO
Image_4024.jpg,MESTRA
Image_456.jpg,CLODIUS PARNASSIAN
Image_209.jpg,RED CRACKER
Image_1881.jpg,ORANGE OAKLEAF
Image_3711.jpg,DANAID EGGFLY
Image_1433.jpg,MANGROVE SKIPPER
Image_4519.jpg,CABBAGE WHITE
Image_2239.jpg,ELBOWED PIERROT
Image_2339.jpg,CHECQUERED SKIPPER
Image_4598.jpg,YELLOW SWALLOW TAIL
Image_78.jpg,ORCHARD SWALLOW
Image_4244.jpg,METALMARK
Image_1045.jpg,BLUE SPOTTED CROW
Image_301.jpg,ORCHARD SWALLOW
Image_1816.jpg,TWO BARRED FLASHER
Image_2199.jpg,METALMARK
Image_2214.jpg,ELBOWED PIERROT
Image_165.jpg,APPOLLO
Image_3363.jpg,CLEOPATRA
Image_2332.jpg,MOURNING CLOAK
Image_4355.jpg,GREAT JAY
Image_1757.jpg,PINE WHITE
Image_1101.jpg,RED ADMIRAL
Image_573.jpg,GREEN CELLED CATTLEHEART
Image_1788.jpg,COPPER TAIL
Image_3137.jpg,TROPICAL LEAFWING
Image_2568.jpg,ADONIS
Image_4311.jpg,GREY HAIRSTREAK
Image_2213.jpg,SILVER SPOT SKIPPER
Image_1185.jpg,MOURNING CLOAK
Image_1841.jpg,PAPER KITE
Image_1791.jpg,CLEOPATRA
Image_3227.jpg,APPOLLO
Image_3637.jpg,STRAITED QUEEN
Image_3543.jpg,RED ADMIRAL
Image_395.jpg,CABBAGE WHITE
Image_5163.jpg,CRIMSON PATCH
Image_1266.jpg,SCARCE SWALLOW
Image_1240.jpg,TROPICAL LEAFWING
Image_367.jpg,CLODIUS PARNASSIAN
Image_4458.jpg,CRIMSON PATCH
Image_5086.jpg,GREY HAIRSTREAK
Image_821.jpg,CHESTNUT
Image_4723.jpg,TWO BARRED FLASHER
Image_3661.jpg,AN 88
Image_1374.jpg,CHESTNUT
Image_1288.jpg,CLODIUS PARNASSIAN
Image_4264.jpg,MALACHITE
Image_2647.jpg,PAPER KITE
Image_3657.jpg,TWO BARRED FLASHER
Image_4568.jpg,AFRICAN GIANT SWALLOWTAIL
Image_536.jpg,ELBOWED PIERROT
Image_3047.jpg,GREY HAIRSTREAK
Image_3785.jpg,PURPLISH COPPER
Image_2301.jpg,INDRA SWALLOW
Image_393.jpg,GREEN CELLED CATTLEHEART
Image_4189.jpg,INDRA SWALLOW
Image_3939.jpg,MOURNING CLOAK
Image_3352.jpg,MONARCH
Image_200.jpg,CLODIUS PARNASSIAN
Image_2668.jpg,LARGE MARBLE
Image_1892.jpg,DANAID EGGFLY
Image_1378.jpg,WOOD SATYR
Image_1465.jpg,CHECQUERED SKIPPER
Image_1395.jpg,COPPER TAIL
Image_3863.jpg,PAPER KITE
Image_61.jpg,SCARCE SWALLOW
Image_4915.jpg,MOURNING CLOAK
Image_3379.jpg,BROWN SIPROETA
Image_4969.jpg,BLUE MORPHO
Image_1057.jpg,GREAT JAY
Image_1640.jpg,GREAT EGGFLY
Image_3523.jpg,METALMARK
Image_4206.jpg,GREEN CELLED CATTLEHEART
Image_1782.jpg,AMERICAN SNOOT
Image_300.jpg,PURPLE HAIRSTREAK
Image_3001.jpg,ORANGE TIP
Image_2562.jpg,COPPER TAIL
Image_1001.jpg,ADONIS
Image_2014.jpg,CABBAGE WHITE
Image_4687.jpg,IPHICLUS SISTER
Image_3597.jpg,GOLD BANDED
Image_2106.jpg,TROPICAL LEAFWING
Image_4204.jpg,PEACOCK
Image_1608.jpg,IPHICLUS SISTER
Image_4480.jpg,CHECQUERED SKIPPER
Image_3591.jpg,ORANGE TIP
Image_3807.jpg,BROWN SIPROETA
Image_1308.jpg,GREY HAIRSTREAK
Image_3561.jpg,CAIRNS BIRDWING
Image_4058.jpg,RED CRACKER
Image_3977.jpg,SILVER SPOT SKIPPER
Image_2756.jpg,GREAT JAY
Image_3369.jpg,SILVER SPOT SKIPPER
Image_1486.jpg,ZEBRA LONG WING
Image_3940.jpg,PEACOCK
Image_2248.jpg,STRAITED QUEEN
Image_1102.jpg,CLODIUS PARNASSIAN
Image_2572.jpg,PAPER KITE
Image_1667.jpg,INDRA SWALLOW
Image_242.jpg,QUESTION MARK
Image_3577.jpg,ORCHARD SWALLOW
Image_1425.jpg,MOURNING CLOAK
Image_217.jpg,LARGE MARBLE
Image_149.jpg,POPINJAY
Image_3513.jpg,PURPLE HAIRSTREAK
Image_4712.jpg,LARGE MARBLE
Image_3932.jpg,RED CRACKER
Image_1913.jpg,DANAID EGGFLY
Image_3638.jpg,CHESTNUT
Image_4126.jpg,RED ADMIRAL
Image_4972.jpg,COPPER TAIL
Image_1085.jpg,CLODIUS PARNASSIAN
Image_868.jpg,APPOLLO
Image_3835.jpg,ORANGE OAKLEAF
Image_2411.jpg,RED SPOTTED PURPLE
Image_4791.jpg,STRAITED QUEEN
Image_3494.jpg,MANGROVE SKIPPER
Image_137.jpg,SOUTHERN DOGFACE
Image_1761.jpg,RED CRACKER
Image_195.jpg,GREAT JAY
Image_3134.jpg,BLUE SPOTTED CROW
Image_1844.jpg,MESTRA
Image_1011.jpg,BANDED ORANGE HELICONIAN
Image_2008.jpg,CABBAGE WHITE
Image_4840.jpg,GREEN CELLED CATTLEHEART
Image_517.jpg,PINE WHITE
Image_1683.jpg,STRAITED QUEEN
Image_1251.jpg,BROWN SIPROETA
Image_4625.jpg,SOOTYWING
Image_2801.jpg,SILVER SPOT SKIPPER
Image_114.jpg,CRIMSON PATCH
Image_1531.jpg,MILBERTS TORTOISESHELL
Image_2961.jpg,PURPLE HAIRSTREAK
Image_4419.jpg,MOURNING CLOAK
Image_2679.jpg,APPOLLO
Image_3012.jpg,LARGE MARBLE
Image_175.jpg,MESTRA
Image_3965.jpg,MALACHITE
Image_1979.jpg,COMMON WOOD-NYMPH
Image_2575.jpg,BLUE SPOTTED CROW
Image_3357.jpg,INDRA SWALLOW
Image_203.jpg,IPHICLUS SISTER
Image_3709.jpg,ORANGE OAKLEAF
Image_325.jpg,PURPLISH COPPER
Image_360.jpg,GREAT JAY
Image_4505.jpg,ORCHARD SWALLOW
Image_3242.jpg,BLUE SPOTTED CROW
Image_754.jpg,CHECQUERED SKIPPER
Image_4822.jpg,TROPICAL LEAFWING
Image_277.jpg,CRECENT
Image_4110.jpg,ATALA
Image_1381.jpg,SOOTYWING
Image_3708.jpg,VICEROY
Image_1467.jpg,CRECENT
Image_2699.jpg,GREAT JAY
Image_950.jpg,RED POSTMAN
Image_1935.jpg,POPINJAY
Image_2477.jpg,RED SPOTTED PURPLE
Image_3093.jpg,METALMARK
Image_4588.jpg,ATALA
Image_1506.jpg,EASTERN COMA
Image_3266.jpg,ADONIS
Image_1255.jpg,ORCHARD SWALLOW
Image_1270.jpg,COMMON BANDED AWL
Image_4503.jpg,CHESTNUT
Image_341.jpg,ZEBRA LONG WING
Image_21.jpg,PAINTED LADY
Image_4988.jpg,METALMARK
Image_1285.jpg,CLODIUS PARNASSIAN
Image_3193.jpg,VICEROY
Image_3989.jpg,CLEOPATRA
Image_426.jpg,LARGE MARBLE
Image_1130.jpg,ULYSES
Image_1097.jpg,ORCHARD SWALLOW
Image_2591.jpg,WOOD SATYR
Image_2981.jpg,STRAITED QUEEN
Image_234.jpg,RED ADMIRAL
Image_4524.jpg,CABBAGE WHITE
Image_3092.jpg,POPINJAY
Image_1282.jpg,PURPLISH COPPER
Image_4013.jpg,CHESTNUT
Image_2188.jpg,PURPLISH COPPER
Image_5021.jpg,ORANGE TIP
Image_1818.jpg,CHECQUERED SKIPPER
Image_1331.jpg,GREY HAIRSTREAK
Image_4590.jpg,RED CRACKER
Image_973.jpg,AMERICAN SNOOT
Image_2685.jpg,PINE WHITE
Image_1299.jpg,SCARCE SWALLOW
Image_3671.jpg,CAIRNS BIRDWING
Image_348.jpg,GREEN CELLED CATTLEHEART
Image_5070.jpg,EASTERN DAPPLE WHITE
Image_2286.jpg,APPOLLO
Image_0.jpg,CLOUDED SULPHUR
Image_3364.jpg,JULIA
Image_3290.jpg,PAPER KITE
Image_1043.jpg,CLOUDED SULPHUR
Image_4319.jpg,MOURNING CLOAK
Image_307.jpg,BLUE MORPHO
Image_2071.jpg,MESTRA
Image_2940.jpg,CLEOPATRA
Image_3809.jpg,GREY HAIRSTREAK
Image_4947.jpg,PINE WHITE
Image_1688.jpg,BLUE MORPHO
Image_371.jpg,CHECQUERED SKIPPER
Image_4295.jpg,JULIA
Image_5065.jpg,COMMON BANDED AWL
Image_5002.jpg,CAIRNS BIRDWING
Image_2705.jpg,EASTERN PINE ELFIN
Image_2309.jpg,SOOTYWING
Image_5126.jpg,SOOTYWING
Image_507.jpg,AN 88
Image_244.jpg,WOOD SATYR
Image_1167.jpg,MILBERTS TORTOISESHELL
Image_1236.jpg,IPHICLUS SISTER
Image_402.jpg,COMMON WOOD-NYMPH
Image_4172.jpg,ZEBRA LONG WING
Image_4209.jpg,TROPICAL LEAFWING
Image_28.jpg,COMMON BANDED AWL
Image_258.jpg,GREAT JAY
Image_2992.jpg,SCARCE SWALLOW
Image_2777.jpg,ELBOWED PIERROT
Image_987.jpg,EASTERN PINE ELFIN
Image_2410.jpg,SLEEPY ORANGE
Image_1291.jpg,EASTERN COMA
Image_1615.jpg,CRIMSON PATCH
Image_2165.jpg,PURPLE HAIRSTREAK
Image_855.jpg,AMERICAN SNOOT
Image_3636.jpg,SLEEPY ORANGE
Image_2897.jpg,GOLD BANDED
Image_4730.jpg,BECKERS WHITE
Image_3312.jpg,GREAT EGGFLY
Image_711.jpg,BLACK HAIRSTREAK
Image_3430.jpg,MESTRA
Image_3015.jpg,CRIMSON PATCH
Image_3919.jpg,VICEROY
Image_1726.jpg,ADONIS
Image_2909.jpg,SOOTYWING
Image_1418.jpg,BLUE SPOTTED CROW
Image_1917.jpg,MOURNING CLOAK
Image_3642.jpg,VICEROY
Image_901.jpg,AMERICAN SNOOT
Image_3728.jpg,PEACOCK
Image_1527.jpg,EASTERN COMA
Image_4531.jpg,PIPEVINE SWALLOW
Image_2062.jpg,PEACOCK
Image_1189.jpg,CLEOPATRA
Image_3760.jpg,MESTRA
Image_1491.jpg,CLODIUS PARNASSIAN
Image_346.jpg,ORCHARD SWALLOW
Image_3079.jpg,SLEEPY ORANGE
Image_1548.jpg,TWO BARRED FLASHER
Image_802.jpg,BECKERS WHITE
Image_4917.jpg,BLUE SPOTTED CROW
Image_1648.jpg,INDRA SWALLOW
Image_1936.jpg,ORCHARD SWALLOW
Image_658.jpg,MESTRA
Image_5025.jpg,CLODIUS PARNASSIAN
Image_4749.jpg,PURPLISH COPPER
Image_1120.jpg,COMMON WOOD-NYMPH
Image_316.jpg,CABBAGE WHITE
Image_2610.jpg,EASTERN PINE ELFIN
Image_1887.jpg,LARGE MARBLE
Image_5149.jpg,EASTERN PINE ELFIN
Image_3576.jpg,COMMON WOOD-NYMPH
Image_2002.jpg,BANDED PEACOCK
Image_896.jpg,SCARCE SWALLOW
Image_2304.jpg,MESTRA
Image_350.jpg,MILBERTS TORTOISESHELL
Image_3908.jpg,SOUTHERN DOGFACE
Image_770.jpg,CRIMSON PATCH
Image_421.jpg,ORCHARD SWALLOW
Image_3321.jpg,ADONIS
Image_4567.jpg,LARGE MARBLE
Image_2942.jpg,ZEBRA LONG WING
Image_4315.jpg,GREEN CELLED CATTLEHEART
Image_4205.jpg,GOLD BANDED
Image_567.jpg,MESTRA
Image_1603.jpg,METALMARK
Image_2869.jpg,LARGE MARBLE
Image_4068.jpg,GOLD BANDED
Image_349.jpg,ZEBRA LONG WING
Image_493.jpg,BLUE MORPHO
Image_3554.jpg,CHESTNUT
Image_4809.jpg,GREEN CELLED CATTLEHEART
Image_881.jpg,RED POSTMAN
Image_2442.jpg,SOUTHERN DOGFACE
Image_720.jpg,VICEROY
Image_4079.jpg,BLACK HAIRSTREAK
Image_4741.jpg,MONARCH
Image_344.jpg,ORANGE TIP
Image_2169.jpg,GREY HAIRSTREAK
Image_173.jpg,SOOTYWING
Image_678.jpg,DANAID EGGFLY
Image_2154.jpg,LARGE MARBLE
Image_5109.jpg,BLUE SPOTTED CROW
Image_3398.jpg,MALACHITE
Image_1595.jpg,QUESTION MARK
Image_319.jpg,GREY HAIRSTREAK
Image_1778.jpg,EASTERN DAPPLE WHITE
Image_4823.jpg,CABBAGE WHITE
Image_4069.jpg,RED SPOTTED PURPLE
Image_4573.jpg,EASTERN PINE ELFIN
Image_3793.jpg,QUESTION MARK
Image_4429.jpg,TROPICAL LEAFWING
Image_3677.jpg,GREAT JAY
Image_2828.jpg,QUESTION MARK
Image_4385.jpg,QUESTION MARK
Image_4212.jpg,METALMARK
Image_1730.jpg,GREEN CELLED CATTLEHEART
Image_3880.jpg,MILBERTS TORTOISESHELL
Image_957.jpg,MALACHITE
Image_384.jpg,PEACOCK
Image_5136.jpg,BLACK HAIRSTREAK
Image_1500.jpg,CRECENT
Image_1920.jpg,CHESTNUT
Image_4936.jpg,BANDED PEACOCK
Image_4705.jpg,APPOLLO
Image_4241.jpg,PAPER KITE
Image_4286.jpg,TROPICAL LEAFWING
Image_3281.jpg,POPINJAY
Image_3041.jpg,EASTERN COMA
Image_3246.jpg,AFRICAN GIANT SWALLOWTAIL
Image_3475.jpg,ULYSES
Image_2812.jpg,CLEOPATRA
Image_5.jpg,CRIMSON PATCH
Image_2393.jpg,RED CRACKER
Image_563.jpg,ORANGE TIP
Image_4457.jpg,METALMARK
Image_3421.jpg,ORCHARD SWALLOW
Image_132.jpg,JULIA
Image_2335.jpg,STRAITED QUEEN
Image_1447.jpg,PURPLISH COPPER
Image_1805.jpg,QUESTION MARK
Image_3850.jpg,TWO BARRED FLASHER
Image_2059.jpg,GREAT JAY
Image_1904.jpg,MOURNING CLOAK
Image_2342.jpg,CRECENT
Image_2865.jpg,SOUTHERN DOGFACE
Image_5184.jpg,TWO BARRED FLASHER
Image_5170.jpg,SLEEPY ORANGE
Image_1379.jpg,INDRA SWALLOW
Image_932.jpg,LARGE MARBLE
Image_2426.jpg,SOOTYWING
Image_1989.jpg,ORCHARD SWALLOW
Image_707.jpg,CHESTNUT
Image_731.jpg,PIPEVINE SWALLOW
Image_1587.jpg,CRECENT
Image_2004.jpg,LARGE MARBLE
Image_4622.jpg,CRIMSON PATCH
Image_1728.jpg,TROPICAL LEAFWING
Image_4776.jpg,STRAITED QUEEN
Image_4643.jpg,CABBAGE WHITE
Image_4978.jpg,PAPER KITE
Image_3103.jpg,INDRA SWALLOW
Image_3594.jpg,EASTERN PINE ELFIN
Image_1760.jpg,PINE WHITE
Image_2599.jpg,METALMARK
Image_4585.jpg,MALACHITE
Image_4483.jpg,GOLD BANDED
Image_4550.jpg,INDRA SWALLOW
Image_520.jpg,TWO BARRED FLASHER
Image_3941.jpg,GOLD BANDED
Image_1216.jpg,JULIA
Image_1545.jpg,GOLD BANDED
Image_452.jpg,EASTERN DAPPLE WHITE
Image_439.jpg,POPINJAY
Image_3975.jpg,SLEEPY ORANGE
Image_945.jpg,SLEEPY ORANGE
Image_498.jpg,ORCHARD SWALLOW
Image_3368.jpg,RED CRACKER
Image_4965.jpg,GOLD BANDED
Image_4122.jpg,ORCHARD SWALLOW
Image_2022.jpg,PURPLE HAIRSTREAK
Image_1222.jpg,BROWN SIPROETA
Image_4789.jpg,CAIRNS BIRDWING
Image_2114.jpg,ULYSES
Image_618.jpg,PINE WHITE
Image_543.jpg,DANAID EGGFLY
Image_379.jpg,CABBAGE WHITE
Image_561.jpg,BLUE SPOTTED CROW
Image_1848.jpg,PAINTED LADY
Image_3719.jpg,ELBOWED PIERROT
Image_5018.jpg,BANDED PEACOCK
Image_1877.jpg,TROPICAL LEAFWING
Image_3057.jpg,ATALA
Image_4230.jpg,JULIA
Image_2852.jpg,EASTERN DAPPLE WHITE
Image_1408.jpg,BANDED PEACOCK
Image_4559.jpg,ULYSES
Image_2675.jpg,BLUE SPOTTED CROW
Image_1015.jpg,MOURNING CLOAK
Image_750.jpg,DANAID EGGFLY
Image_810.jpg,BANDED PEACOCK
Image_3262.jpg,SOUTHERN DOGFACE
Image_4717.jpg,WOOD SATYR
Image_4980.jpg,CABBAGE WHITE
Image_4299.jpg,CAIRNS BIRDWING
Image_153.jpg,YELLOW SWALLOW TAIL
Image_2329.jpg,ORANGE OAKLEAF
Image_3236.jpg,CHESTNUT
Image_3582.jpg,MOURNING CLOAK
Image_424.jpg,ORANGE OAKLEAF
Image_4080.jpg,AMERICAN SNOOT
Image_3764.jpg,MALACHITE
Image_4552.jpg,SILVER SPOT SKIPPER
Image_4002.jpg,MONARCH
Image_2143.jpg,CHECQUERED SKIPPER
Image_1934.jpg,PAINTED LADY
Image_1772.jpg,YELLOW SWALLOW TAIL
Image_2234.jpg,COPPER TAIL
Image_104.jpg,APPOLLO
Image_3139.jpg,SLEEPY ORANGE
Image_2383.jpg,COMMON WOOD-NYMPH
Image_2035.jpg,STRAITED QUEEN
Image_1645.jpg,CLODIUS PARNASSIAN
Image_1307.jpg,AMERICAN SNOOT
Image_1620.jpg,CLEOPATRA
Image_3867.jpg,EASTERN DAPPLE WHITE
Image_1038.jpg,EASTERN COMA
Image_296.jpg,PINE WHITE
Image_1993.jpg,STRAITED QUEEN
Image_5141.jpg,SOOTYWING
Image_4476.jpg,COMMON BANDED AWL
Image_1007.jpg,BLUE SPOTTED CROW
Image_2760.jpg,RED SPOTTED PURPLE
Image_4148.jpg,INDRA SWALLOW
Image_2474.jpg,PEACOCK
Image_4424.jpg,GOLD BANDED
Image_4748.jpg,MILBERTS TORTOISESHELL
Image_764.jpg,CLOUDED SULPHUR
Image_992.jpg,MILBERTS TORTOISESHELL
Image_3402.jpg,PEACOCK
Image_461.jpg,APPOLLO
Image_3052.jpg,QUESTION MARK
Image_4334.jpg,VICEROY
Image_3273.jpg,MALACHITE
Image_1676.jpg,AFRICAN GIANT SWALLOWTAIL
Image_1898.jpg,ORANGE TIP
Image_1528.jpg,PEACOCK
Image_4310.jpg,WOOD SATYR
Image_1866.jpg,GREAT EGGFLY
Image_3572.jpg,GREY HAIRSTREAK
Image_3143.jpg,MANGROVE SKIPPER
Image_1884.jpg,ULYSES
Image_1341.jpg,SCARCE SWALLOW
Image_5123.jpg,COPPER TAIL
Image_4757.jpg,GREAT EGGFLY
Image_1939.jpg,AN 88
Image_1347.jpg,COPPER TAIL
Image_1265.jpg,GREEN CELLED CATTLEHEART
Image_3378.jpg,MILBERTS TORTOISESHELL
Image_365.jpg,CRECENT
Image_1095.jpg,TWO BARRED FLASHER
Image_2193.jpg,AFRICAN GIANT SWALLOWTAIL
Image_2649.jpg,GREEN CELLED CATTLEHEART
Image_626.jpg,CAIRNS BIRDWING
Image_2458.jpg,AMERICAN SNOOT
Image_3452.jpg,ELBOWED PIERROT
Image_4941.jpg,ELBOWED PIERROT
Image_1022.jpg,TROPICAL LEAFWING
Image_3892.jpg,CLODIUS PARNASSIAN
Image_790.jpg,PEACOCK
Image_965.jpg,EASTERN DAPPLE WHITE
Image_558.jpg,MALACHITE
Image_2835.jpg,STRAITED QUEEN
Image_1280.jpg,PIPEVINE SWALLOW
Image_4180.jpg,GOLD BANDED
Image_701.jpg,GREY HAIRSTREAK
Image_1041.jpg,BANDED ORANGE HELICONIAN
Image_2211.jpg,ATALA
Image_3931.jpg,SILVER SPOT SKIPPER
Image_474.jpg,RED CRACKER
Image_3548.jpg,IPHICLUS SISTER
Image_3429.jpg,GREAT JAY
Image_1029.jpg,PAPER KITE
Image_3611.jpg,VICEROY
Image_3102.jpg,ATALA
Image_1445.jpg,ORANGE OAKLEAF
Image_1454.jpg,STRAITED QUEEN
Image_2077.jpg,EASTERN COMA
Image_4399.jpg,CAIRNS BIRDWING
Image_4636.jpg,VICEROY
Image_3234.jpg,CRECENT
Image_3461.jpg,APPOLLO
Image_3670.jpg,BROWN SIPROETA
Image_2534.jpg,SILVER SPOT SKIPPER
Image_222.jpg,BLUE SPOTTED CROW
Image_4537.jpg,BANDED PEACOCK
Image_5023.jpg,ELBOWED PIERROT
Image_2366.jpg,EASTERN DAPPLE WHITE
Image_4862.jpg,GREAT EGGFLY
Image_4263.jpg,EASTERN DAPPLE WHITE
Image_4307.jpg,GREAT EGGFLY
Image_1593.jpg,MONARCH
Image_2583.jpg,VICEROY
Image_2061.jpg,BANDED ORANGE HELICONIAN
Image_4124.jpg,CABBAGE WHITE
Image_1180.jpg,POPINJAY
Image_2430.jpg,PAPER KITE
Image_4839.jpg,COMMON BANDED AWL
Image_1053.jpg,COMMON BANDED AWL
Image_1278.jpg,ORANGE TIP
Image_2692.jpg,SCARCE SWALLOW
Image_3897.jpg,ADONIS
Image_453.jpg,CRIMSON PATCH
Image_2804.jpg,LARGE MARBLE
Image_1706.jpg,CRECENT
Image_996.jpg,EASTERN COMA
Image_2255.jpg,CABBAGE WHITE
Image_1254.jpg,BLACK HAIRSTREAK
Image_1525.jpg,RED CRACKER
Image_2863.jpg,SILVER SPOT SKIPPER
Image_871.jpg,CLEOPATRA
Image_4727.jpg,GREY HAIRSTREAK
Image_3496.jpg,POPINJAY
Image_682.jpg,ORCHARD SWALLOW
Image_3308.jpg,CRECENT
Image_3536.jpg,ADONIS
Image_745.jpg,GREAT JAY
Image_3035.jpg,JULIA
Image_779.jpg,PAINTED LADY
Image_4738.jpg,INDRA SWALLOW
Image_2479.jpg,SCARCE SWALLOW
Image_4577.jpg,SOUTHERN DOGFACE
Image_4511.jpg,CLEOPATRA
Image_4300.jpg,RED SPOTTED PURPLE
Image_1770.jpg,DANAID EGGFLY
Image_2349.jpg,PURPLE HAIRSTREAK
Image_1599.jpg,CLEOPATRA
Image_3971.jpg,SOOTYWING
Image_3702.jpg,ORANGE TIP
Image_2789.jpg,BLUE SPOTTED CROW
Image_3727.jpg,PAINTED LADY
Image_3296.jpg,AN 88
Image_238.jpg,ELBOWED PIERROT
Image_5129.jpg,POPINJAY
Image_3276.jpg,TROPICAL LEAFWING
Image_2162.jpg,VICEROY
Image_1231.jpg,CRECENT
Image_390.jpg,EASTERN COMA
Image_6.jpg,MOURNING CLOAK
Image_1552.jpg,GREAT JAY
Image_4751.jpg,CLEOPATRA
Image_4203.jpg,BECKERS WHITE
Image_4216.jpg,ORANGE OAKLEAF
Image_546.jpg,MESTRA
Image_1736.jpg,PINE WHITE
Image_4308.jpg,ORANGE OAKLEAF
Image_3167.jpg,MONARCH
Image_445.jpg,IPHICLUS SISTER
Image_3512.jpg,CHECQUERED SKIPPER
Image_3332.jpg,VICEROY
Image_2066.jpg,MONARCH
Image_4464.jpg,POPINJAY
Image_3306.jpg,EASTERN DAPPLE WHITE
Image_781.jpg,RED CRACKER
Image_3203.jpg,APPOLLO
Image_1147.jpg,CLOUDED SULPHUR
Image_4820.jpg,PURPLE HAIRSTREAK
Image_3083.jpg,AFRICAN GIANT SWALLOWTAIL
Image_2829.jpg,PEACOCK
Image_3359.jpg,ULYSES
Image_3614.jpg,CABBAGE WHITE
Image_1271.jpg,CRECENT
Image_1136.jpg,ATALA
Image_2492.jpg,EASTERN COMA
Image_5074.jpg,BANDED PEACOCK
Image_1452.jpg,INDRA SWALLOW
Image_2979.jpg,ZEBRA LONG WING
Image_4233.jpg,ADONIS
Image_410.jpg,CHECQUERED SKIPPER
Image_1589.jpg,AMERICAN SNOOT
Image_3263.jpg,BECKERS WHITE
Image_378.jpg,YELLOW SWALLOW TAIL
Image_1471.jpg,SOOTYWING
Image_2470.jpg,BROWN SIPROETA
Image_1769.jpg,GREEN CELLED CATTLEHEART
Image_118.jpg,IPHICLUS SISTER
Image_4005.jpg,RED CRACKER
Image_5157.jpg,SCARCE SWALLOW
Image_3802.jpg,BECKERS WHITE
Image_5140.jpg,ORANGE OAKLEAF
Image_4145.jpg,CHESTNUT
Image_3999.jpg,GREAT EGGFLY
Image_138.jpg,SLEEPY ORANGE
Image_3410.jpg,RED ADMIRAL
Image_3613.jpg,TWO BARRED FLASHER
Image_2487.jpg,RED ADMIRAL
Image_3088.jpg,SILVER SPOT SKIPPER
Image_2555.jpg,GOLD BANDED
Image_3961.jpg,ORANGE TIP
Image_2880.jpg,METALMARK
Image_1882.jpg,MALACHITE
Image_808.jpg,MILBERTS TORTOISESHELL
Image_3474.jpg,GREAT EGGFLY
Image_1896.jpg,GREEN CELLED CATTLEHEART
Image_3442.jpg,ULYSES
Image_2636.jpg,PURPLE HAIRSTREAK
Image_1289.jpg,CLODIUS PARNASSIAN
Image_988.jpg,AMERICAN SNOOT
Image_3336.jpg,ATALA
Image_2179.jpg,POPINJAY
Image_5155.jpg,TWO BARRED FLASHER
Image_4750.jpg,GOLD BANDED
Image_1951.jpg,MONARCH
Image_4168.jpg,MONARCH
Image_438.jpg,BROWN SIPROETA
Image_1519.jpg,EASTERN PINE ELFIN
Image_4863.jpg,SCARCE SWALLOW
Image_1509.jpg,PINE WHITE
Image_3181.jpg,CRECENT
Image_1964.jpg,GREEN CELLED CATTLEHEART
Image_2582.jpg,CAIRNS BIRDWING
Image_1947.jpg,AN 88
Image_3419.jpg,IPHICLUS SISTER
Image_2289.jpg,CRIMSON PATCH
Image_5077.jpg,EASTERN PINE ELFIN
Image_2728.jpg,JULIA
Image_2815.jpg,SOUTHERN DOGFACE
Image_1421.jpg,COMMON WOOD-NYMPH
Image_971.jpg,GREEN CELLED CATTLEHEART
Image_2439.jpg,PEACOCK
Image_435.jpg,MALACHITE
Image_690.jpg,SLEEPY ORANGE
Image_4378.jpg,IPHICLUS SISTER
Image_1495.jpg,COPPER TAIL
Image_2253.jpg,CABBAGE WHITE
Image_3873.jpg,CHESTNUT
Image_1386.jpg,ATALA
Image_2999.jpg,LARGE MARBLE
Image_2397.jpg,BECKERS WHITE
Image_1023.jpg,PURPLISH COPPER
Image_2960.jpg,CLEOPATRA
Image_2891.jpg,PURPLISH COPPER
Image_1883.jpg,MALACHITE
Image_3984.jpg,RED SPOTTED PURPLE
Image_4547.jpg,MESTRA
Image_2233.jpg,ZEBRA LONG WING
Image_74.jpg,PAPER KITE
Image_2710.jpg,PEACOCK
Image_2771.jpg,CLOUDED SULPHUR
Image_4909.jpg,SLEEPY ORANGE
Image_1453.jpg,PINE WHITE
Image_2721.jpg,GOLD BANDED
Image_3969.jpg,COMMON BANDED AWL
Image_3428.jpg,PINE WHITE
Image_364.jpg,EASTERN DAPPLE WHITE
Image_2157.jpg,PEACOCK
Image_3831.jpg,EASTERN DAPPLE WHITE
Image_3858.jpg,COMMON WOOD-NYMPH
Image_4363.jpg,BANDED PEACOCK
Image_4380.jpg,PURPLISH COPPER
Image_207.jpg,CLOUDED SULPHUR
Image_842.jpg,SOUTHERN DOGFACE
Image_1876.jpg,PEACOCK
Image_4766.jpg,WOOD SATYR
Image_1707.jpg,INDRA SWALLOW
Image_3782.jpg,IPHICLUS SISTER
Image_1501.jpg,ATALA
Image_653.jpg,GREAT EGGFLY
Image_3115.jpg,SILVER SPOT SKIPPER
Image_4770.jpg,DANAID EGGFLY
Image_3656.jpg,EASTERN DAPPLE WHITE
Image_4592.jpg,EASTERN COMA
Image_605.jpg,MILBERTS TORTOISESHELL
Image_134.jpg,EASTERN DAPPLE WHITE
Image_2798.jpg,STRAITED QUEEN
Image_289.jpg,MALACHITE
Image_275.jpg,PIPEVINE SWALLOW
Image_3408.jpg,PAINTED LADY
Image_332.jpg,WOOD SATYR
Image_1673.jpg,COPPER TAIL
Image_4214.jpg,RED CRACKER
Image_3868.jpg,MOURNING CLOAK
Image_893.jpg,PURPLE HAIRSTREAK
Image_2229.jpg,BANDED ORANGE HELICONIAN
Image_482.jpg,ADONIS
Image_1712.jpg,MESTRA
Image_1256.jpg,PIPEVINE SWALLOW
Image_7.jpg,CLOUDED SULPHUR
Image_2084.jpg,ADONIS
Image_806.jpg,BANDED PEACOCK
Image_1605.jpg,MANGROVE SKIPPER
Image_310.jpg,MESTRA
Image_2875.jpg,ADONIS
Image_60.jpg,CRIMSON PATCH
Image_1322.jpg,CABBAGE WHITE
Image_3933.jpg,TWO BARRED FLASHER
Image_3022.jpg,SCARCE SWALLOW
Image_771.jpg,VICEROY
Image_1446.jpg,BECKERS WHITE
Image_4877.jpg,MONARCH
Image_1138.jpg,VICEROY
Image_4257.jpg,SCARCE SWALLOW
Image_1002.jpg,DANAID EGGFLY
Image_4530.jpg,JULIA
Image_3951.jpg,CAIRNS BIRDWING
Image_2316.jpg,ADONIS
Image_578.jpg,ORANGE TIP
Image_4536.jpg,RED SPOTTED PURPLE
Image_1663.jpg,SLEEPY ORANGE
Image_4946.jpg,INDRA SWALLOW
Image_5118.jpg,GREEN CELLED CATTLEHEART
Image_1476.jpg,POPINJAY
Image_622.jpg,SLEEPY ORANGE
Image_1497.jpg,GREEN CELLED CATTLEHEART
Image_2922.jpg,DANAID EGGFLY
Image_2971.jpg,APPOLLO
Image_1732.jpg,CLEOPATRA
Image_3714.jpg,METALMARK
Image_3633.jpg,GOLD BANDED
Image_4974.jpg,COPPER TAIL
Image_3848.jpg,BANDED ORANGE HELICONIAN
Image_3040.jpg,BLUE MORPHO
Image_3899.jpg,POPINJAY
Image_4469.jpg,RED SPOTTED PURPLE
Image_4153.jpg,LARGE MARBLE
Image_1819.jpg,PURPLISH COPPER
Image_1485.jpg,EASTERN COMA
Image_2413.jpg,MANGROVE SKIPPER
Image_3117.jpg,MANGROVE SKIPPER
Image_3869.jpg,AN 88
Image_1960.jpg,EASTERN PINE ELFIN
Image_4340.jpg,MOURNING CLOAK
Image_3751.jpg,CAIRNS BIRDWING
Image_1607.jpg,PAPER KITE
Image_1413.jpg,INDRA SWALLOW
Image_4728.jpg,PAPER KITE
Image_2443.jpg,PIPEVINE SWALLOW
Image_758.jpg,JULIA
Image_2453.jpg,BLACK HAIRSTREAK
Image_4102.jpg,BECKERS WHITE
Image_4425.jpg,MONARCH
Image_1396.jpg,EASTERN DAPPLE WHITE
Image_3426.jpg,BANDED ORANGE HELICONIAN
Image_4912.jpg,BANDED ORANGE HELICONIAN
Image_2379.jpg,APPOLLO
Image_97.jpg,CLODIUS PARNASSIAN
Image_1609.jpg,RED POSTMAN
Image_2816.jpg,EASTERN COMA
Image_555.jpg,GOLD BANDED
Image_3788.jpg,SOOTYWING
Image_57.jpg,MANGROVE SKIPPER
Image_3235.jpg,TROPICAL LEAFWING
Image_2245.jpg,COMMON WOOD-NYMPH
Image_1287.jpg,AN 88
Image_3647.jpg,ULYSES
Image_3026.jpg,ADONIS
Image_3150.jpg,IPHICLUS SISTER
Image_681.jpg,EASTERN COMA
Image_1800.jpg,MONARCH
Image_4463.jpg,CAIRNS BIRDWING
Image_358.jpg,PAPER KITE
Image_3432.jpg,ORCHARD SWALLOW
Image_2727.jpg,MOURNING CLOAK
Image_77.jpg,GREAT JAY
Image_849.jpg,PEACOCK
Image_2124.jpg,BLUE MORPHO
Image_3715.jpg,PEACOCK
Image_3392.jpg,BANDED ORANGE HELICONIAN
Image_2704.jpg,MALACHITE
Image_1739.jpg,BANDED ORANGE HELICONIAN
Image_4192.jpg,CHESTNUT
Image_930.jpg,EASTERN COMA
Image_49.jpg,ATALA
Image_1869.jpg,BANDED ORANGE HELICONIAN
Image_3820.jpg,STRAITED QUEEN
Image_735.jpg,DANAID EGGFLY
Image_218.jpg,EASTERN PINE ELFIN
Image_3416.jpg,RED POSTMAN
Image_4852.jpg,MONARCH
Image_2967.jpg,GREAT EGGFLY
Image_3256.jpg,MALACHITE
Image_1914.jpg,RED CRACKER
Image_3700.jpg,JULIA
Image_4003.jpg,CRIMSON PATCH
Image_22.jpg,EASTERN PINE ELFIN
Image_2314.jpg,IPHICLUS SISTER
Image_2118.jpg,SCARCE SWALLOW
Image_1540.jpg,INDRA SWALLOW
Image_4836.jpg,GREY HAIRSTREAK
Image_791.jpg,BLACK HAIRSTREAK
Image_1862.jpg,CLEOPATRA
Image_2009.jpg,BANDED ORANGE HELICONIAN
Image_4020.jpg,QUESTION MARK
Image_1621.jpg,ULYSES
Image_174.jpg,APPOLLO
Image_4659.jpg,PEACOCK
Image_5027.jpg,EASTERN PINE ELFIN
Image_3438.jpg,JULIA
Image_4656.jpg,STRAITED QUEEN
Image_2886.jpg,CLEOPATRA
Image_3464.jpg,BROWN SIPROETA
Image_3871.jpg,GREEN CELLED CATTLEHEART
Image_1072.jpg,ULYSES
Image_4701.jpg,PAPER KITE
Image_4639.jpg,COMMON WOOD-NYMPH
Image_3556.jpg,SLEEPY ORANGE
Image_125.jpg,COPPER TAIL
Image_4084.jpg,BROWN SIPROETA
Image_1165.jpg,CHECQUERED SKIPPER
Image_2988.jpg,CLOUDED SULPHUR
Image_2581.jpg,GREAT EGGFLY
Image_3388.jpg,MESTRA
Image_2548.jpg,BLACK HAIRSTREAK
Image_2859.jpg,PIPEVINE SWALLOW
Image_1933.jpg,BANDED PEACOCK
Image_4907.jpg,EASTERN DAPPLE WHITE
Image_4462.jpg,ORANGE TIP
Image_3188.jpg,ATALA
Image_4999.jpg,EASTERN COMA
Image_3754.jpg,BLUE MORPHO
Image_155.jpg,BROWN SIPROETA
Image_163.jpg,ATALA
Image_2678.jpg,POPINJAY
Image_3634.jpg,CABBAGE WHITE
Image_4113.jpg,IPHICLUS SISTER
Image_3945.jpg,BROWN SIPROETA
Image_1916.jpg,JULIA
Image_2667.jpg,BECKERS WHITE
Image_4043.jpg,GREAT JAY
Image_3457.jpg,MOURNING CLOAK
Image_3207.jpg,GREY HAIRSTREAK
Image_3404.jpg,AFRICAN GIANT SWALLOWTAIL
Image_9.jpg,SILVER SPOT SKIPPER
Image_4101.jpg,MILBERTS TORTOISESHELL
Image_1626.jpg,TROPICAL LEAFWING
Image_4761.jpg,GOLD BANDED
Image_497.jpg,COPPER TAIL
Image_3570.jpg,RED POSTMAN
Image_1966.jpg,BECKERS WHITE
Image_1768.jpg,MILBERTS TORTOISESHELL
Image_828.jpg,BANDED PEACOCK
Image_4541.jpg,CLODIUS PARNASSIAN
Image_3952.jpg,LARGE MARBLE
Image_4518.jpg,RED POSTMAN
Image_2530.jpg,DANAID EGGFLY
Image_3796.jpg,COMMON WOOD-NYMPH
Image_2919.jpg,BROWN SIPROETA
Image_3624.jpg,TWO BARRED FLASHER
Image_589.jpg,ORCHARD SWALLOW
Image_1982.jpg,CLEOPATRA
Image_4272.jpg,RED ADMIRAL
Image_1080.jpg,MILBERTS TORTOISESHELL
Image_1262.jpg,EASTERN PINE ELFIN
Image_1031.jpg,BROWN SIPROETA
Image_1439.jpg,MOURNING CLOAK
Image_188.jpg,ADONIS
Image_812.jpg,RED SPOTTED PURPLE
Image_1859.jpg,RED POSTMAN
Image_1832.jpg,BANDED ORANGE HELICONIAN
Image_3380.jpg,MANGROVE SKIPPER
Image_1874.jpg,AN 88
Image_4482.jpg,MONARCH
Image_3232.jpg,CAIRNS BIRDWING
Image_749.jpg,RED POSTMAN
Image_213.jpg,MALACHITE
Image_1187.jpg,CAIRNS BIRDWING
Image_4208.jpg,AFRICAN GIANT SWALLOWTAIL
Image_2203.jpg,CHECQUERED SKIPPER
Image_2648.jpg,BECKERS WHITE
Image_645.jpg,BANDED ORANGE HELICONIAN
Image_1873.jpg,BANDED ORANGE HELICONIAN
Image_2215.jpg,MALACHITE
Image_5186.jpg,RED ADMIRAL
Image_71.jpg,YELLOW SWALLOW TAIL
Image_1967.jpg,RED POSTMAN
Image_1020.jpg,ELBOWED PIERROT
Image_232.jpg,SLEEPY ORANGE
Image_355.jpg,PURPLE HAIRSTREAK
Image_892.jpg,TWO BARRED FLASHER
Image_4176.jpg,GOLD BANDED
Image_4850.jpg,BLUE MORPHO
Image_3864.jpg,MONARCH
Image_1968.jpg,CLOUDED SULPHUR
Image_739.jpg,BLACK HAIRSTREAK
Image_4613.jpg,DANAID EGGFLY
Image_3707.jpg,CHECQUERED SKIPPER
Image_2993.jpg,BLUE MORPHO
Image_4283.jpg,POPINJAY
Image_1956.jpg,RED CRACKER
Image_3898.jpg,BLUE MORPHO
Image_3411.jpg,PEACOCK
Image_2338.jpg,GREAT EGGFLY
Image_1754.jpg,ULYSES
Image_4580.jpg,CRIMSON PATCH
Image_3725.jpg,SOOTYWING
Image_3544.jpg,SCARCE SWALLOW
Image_4660.jpg,DANAID EGGFLY
Image_2986.jpg,QUESTION MARK
Image_2219.jpg,CRIMSON PATCH
Image_3972.jpg,CAIRNS BIRDWING
Image_814.jpg,MOURNING CLOAK
Image_4491.jpg,EASTERN PINE ELFIN
Image_4365.jpg,ATALA
Image_4676.jpg,PURPLE HAIRSTREAK
Image_4268.jpg,COMMON BANDED AWL
Image_1311.jpg,WOOD SATYR
Image_1233.jpg,AFRICAN GIANT SWALLOWTAIL
Image_997.jpg,EASTERN COMA
Image_3261.jpg,GREAT JAY
Image_1786.jpg,LARGE MARBLE
Image_2306.jpg,MILBERTS TORTOISESHELL
Image_3830.jpg,MOURNING CLOAK
Image_2278.jpg,CRECENT
Image_1758.jpg,EASTERN COMA
Image_1088.jpg,ATALA
Image_161.jpg,STRAITED QUEEN
Image_4250.jpg,PEACOCK
Image_3331.jpg,WOOD SATYR
Image_362.jpg,EASTERN PINE ELFIN
Image_5108.jpg,STRAITED QUEEN
Image_3758.jpg,APPOLLO
Image_3110.jpg,AN 88
Image_3384.jpg,ZEBRA LONG WING
Image_885.jpg,ORANGE TIP
Image_2475.jpg,ADONIS
Image_2394.jpg,POPINJAY
Image_2674.jpg,YELLOW SWALLOW TAIL
Image_4621.jpg,ORCHARD SWALLOW
Image_1559.jpg,CHESTNUT
Image_4983.jpg,IPHICLUS SISTER
Image_1855.jpg,PEACOCK
Image_368.jpg,AFRICAN GIANT SWALLOWTAIL
Image_3587.jpg,SILVER SPOT SKIPPER
Image_181.jpg,PURPLISH COPPER
Image_4984.jpg,BROWN SIPROETA
Image_5121.jpg,MANGROVE SKIPPER
Image_4202.jpg,GREAT JAY
Image_2412.jpg,CABBAGE WHITE
Image_1634.jpg,ZEBRA LONG WING
Image_1263.jpg,PURPLISH COPPER
Image_5174.jpg,CHECQUERED SKIPPER
Image_5084.jpg,ORANGE OAKLEAF
Image_2279.jpg,SCARCE SWALLOW
Image_4161.jpg,CLEOPATRA
Image_4514.jpg,QUESTION MARK
Image_2963.jpg,CLOUDED SULPHUR
Image_2707.jpg,BANDED PEACOCK
Image_3652.jpg,SCARCE SWALLOW
Image_2882.jpg,BANDED ORANGE HELICONIAN
Image_1192.jpg,STRAITED QUEEN
Image_3427.jpg,PIPEVINE SWALLOW
Image_4029.jpg,MONARCH
Image_3955.jpg,APPOLLO
Image_3837.jpg,EASTERN COMA
Image_3019.jpg,SOUTHERN DOGFACE
Image_4386.jpg,BLUE SPOTTED CROW
Image_3495.jpg,RED CRACKER
Image_3621.jpg,ORANGE OAKLEAF
Image_4048.jpg,MILBERTS TORTOISESHELL
Image_4721.jpg,MOURNING CLOAK
Image_2181.jpg,COMMON BANDED AWL
Image_2966.jpg,SOOTYWING
Image_3667.jpg,CLOUDED SULPHUR
Image_5193.jpg,WOOD SATYR
Image_1910.jpg,CLODIUS PARNASSIAN
Image_4010.jpg,ZEBRA LONG WING
Image_4329.jpg,COMMON BANDED AWL
Image_4173.jpg,BECKERS WHITE
Image_2924.jpg,PEACOCK
Image_1942.jpg,SOUTHERN DOGFACE
Image_2231.jpg,MONARCH
Image_2260.jpg,MOURNING CLOAK
Image_455.jpg,GREAT EGGFLY
Image_981.jpg,YELLOW SWALLOW TAIL
Image_4475.jpg,SOOTYWING
Image_4493.jpg,BANDED PEACOCK
Image_56.jpg,EASTERN DAPPLE WHITE
Image_5133.jpg,CRECENT
Image_4919.jpg,MONARCH
Image_687.jpg,COMMON WOOD-NYMPH
Image_3391.jpg,BLACK HAIRSTREAK
Image_4414.jpg,MOURNING CLOAK
Image_3133.jpg,EASTERN COMA
Image_1188.jpg,ORANGE TIP
Image_1000.jpg,PEACOCK
Image_4437.jpg,PEACOCK
Image_5072.jpg,GREEN CELLED CATTLEHEART
Image_3606.jpg,AN 88
Image_2158.jpg,BLUE SPOTTED CROW
Image_3070.jpg,MILBERTS TORTOISESHELL
Image_1538.jpg,RED POSTMAN
Image_3628.jpg,BANDED ORANGE HELICONIAN
Image_614.jpg,STRAITED QUEEN
Image_4049.jpg,APPOLLO
Image_3810.jpg,COPPER TAIL
Image_1055.jpg,MANGROVE SKIPPER
Image_4868.jpg,CLEOPATRA
Image_929.jpg,BLUE MORPHO
Image_1047.jpg,GREAT JAY
Image_3152.jpg,COMMON BANDED AWL
Image_2056.jpg,TROPICAL LEAFWING
Image_1040.jpg,RED CRACKER
Image_2336.jpg,VICEROY
Image_90.jpg,GREEN CELLED CATTLEHEART
Image_2606.jpg,PIPEVINE SWALLOW
Image_3625.jpg,EASTERN DAPPLE WHITE
Image_1997.jpg,BANDED PEACOCK
Image_4871.jpg,WOOD SATYR
Image_803.jpg,SILVER SPOT SKIPPER
Image_937.jpg,ULYSES
Image_81.jpg,CLOUDED SULPHUR
Image_4954.jpg,SILVER SPOT SKIPPER
Image_1995.jpg,COMMON WOOD-NYMPH
Image_5033.jpg,BANDED ORANGE HELICONIAN
Image_4486.jpg,PAINTED LADY
Image_2446.jpg,MESTRA
Image_663.jpg,SLEEPY ORANGE
Image_1776.jpg,EASTERN DAPPLE WHITE
Image_4460.jpg,CAIRNS BIRDWING
Image_2677.jpg,BROWN SIPROETA
Image_150.jpg,BROWN SIPROETA
Image_1888.jpg,SCARCE SWALLOW
Image_2629.jpg,MILBERTS TORTOISESHELL
Image_2489.jpg,DANAID EGGFLY
Image_3734.jpg,TROPICAL LEAFWING
Image_1727.jpg,ORANGE OAKLEAF
Image_2448.jpg,ORCHARD SWALLOW
Image_4376.jpg,GREEN CELLED CATTLEHEART
Image_2455.jpg,GREY HAIRSTREAK
Image_2220.jpg,IPHICLUS SISTER
Image_850.jpg,CABBAGE WHITE
Image_1208.jpg,AFRICAN GIANT SWALLOWTAIL
Image_3942.jpg,DANAID EGGFLY
Image_1871.jpg,CLODIUS PARNASSIAN
Image_1380.jpg,RED POSTMAN
Image_1384.jpg,BROWN SIPROETA
Image_5103.jpg,MILBERTS TORTOISESHELL
Image_1061.jpg,CAIRNS BIRDWING
Image_3470.jpg,VICEROY
Image_4903.jpg,METALMARK
Image_2824.jpg,IPHICLUS SISTER
Image_4372.jpg,GREAT EGGFLY
Image_2638.jpg,EASTERN DAPPLE WHITE
Image_2796.jpg,APPOLLO
Image_858.jpg,BANDED PEACOCK
Image_2687.jpg,SOUTHERN DOGFACE
Image_4527.jpg,MONARCH
Image_2488.jpg,RED POSTMAN
Image_4412.jpg,BLUE SPOTTED CROW
Image_2292.jpg,APPOLLO
Image_1382.jpg,RED ADMIRAL
Image_417.jpg,ORCHARD SWALLOW
Image_3598.jpg,BLUE MORPHO
Image_3341.jpg,BANDED PEACOCK
Image_3351.jpg,CABBAGE WHITE
Image_2914.jpg,GREAT JAY
Image_4056.jpg,GREAT JAY
Image_924.jpg,ULYSES
Image_329.jpg,ZEBRA LONG WING
Image_4604.jpg,MILBERTS TORTOISESHELL
Image_3834.jpg,MALACHITE
Image_491.jpg,BLUE MORPHO
Image_2651.jpg,STRAITED QUEEN
Image_1484.jpg,LARGE MARBLE
Image_4253.jpg,METALMARK
Image_1210.jpg,PURPLISH COPPER
Image_593.jpg,QUESTION MARK
Image_4942.jpg,PAPER KITE
Image_1158.jpg,PAPER KITE
Image_2564.jpg,PINE WHITE
Image_3648.jpg,APPOLLO
Image_3487.jpg,COMMON BANDED AWL
Image_4019.jpg,CLODIUS PARNASSIAN
Image_3175.jpg,POPINJAY
Image_4274.jpg,LARGE MARBLE
Image_1275.jpg,MALACHITE
Image_5009.jpg,QUESTION MARK
Image_4313.jpg,PAPER KITE
Image_4384.jpg,MANGROVE SKIPPER
Image_4303.jpg,PAPER KITE
Image_1223.jpg,CLOUDED SULPHUR
Image_4339.jpg,POPINJAY
Image_3370.jpg,BLACK HAIRSTREAK
Image_64.jpg,BROWN SIPROETA
Image_3789.jpg,EASTERN COMA
Image_4794.jpg,GREEN CELLED CATTLEHEART
Image_3815.jpg,CHESTNUT
Image_4143.jpg,JULIA
Image_69.jpg,SILVER SPOT SKIPPER
Image_3485.jpg,CABBAGE WHITE
Image_4364.jpg,BANDED PEACOCK
Image_25.jpg,QUESTION MARK
Image_829.jpg,GREAT JAY
Image_2839.jpg,ELBOWED PIERROT
Image_4223.jpg,CAIRNS BIRDWING
Image_587.jpg,COMMON WOOD-NYMPH
Image_3676.jpg,WOOD SATYR
Image_1514.jpg,GREEN CELLED CATTLEHEART
Image_1591.jpg,PIPEVINE SWALLOW
Image_4845.jpg,ADONIS
Image_4787.jpg,BECKERS WHITE
Image_838.jpg,ORANGE OAKLEAF
Image_667.jpg,COMMON WOOD-NYMPH
Image_3484.jpg,ORCHARD SWALLOW
Image_1977.jpg,ULYSES
Image_744.jpg,EASTERN COMA
Image_1672.jpg,COMMON WOOD-NYMPH
Image_1343.jpg,RED SPOTTED PURPLE
Image_1201.jpg,RED CRACKER
Image_1060.jpg,YELLOW SWALLOW TAIL
Image_4754.jpg,ADONIS
Image_4955.jpg,AN 88
Image_2952.jpg,BANDED PEACOCK
Image_2201.jpg,SLEEPY ORANGE
Image_4075.jpg,AN 88
Image_4719.jpg,EASTERN DAPPLE WHITE
Image_392.jpg,MANGROVE SKIPPER
Image_5007.jpg,METALMARK
Image_5006.jpg,POPINJAY
Image_2058.jpg,GREAT JAY
Image_2802.jpg,MOURNING CLOAK
Image_2168.jpg,EASTERN PINE ELFIN
Image_846.jpg,SOOTYWING
Image_2881.jpg,MOURNING CLOAK
Image_4726.jpg,MONARCH
Image_4371.jpg,EASTERN DAPPLE WHITE
Image_5131.jpg,BLUE SPOTTED CROW
Image_5120.jpg,RED CRACKER
Image_3284.jpg,EASTERN DAPPLE WHITE
Image_1430.jpg,CABBAGE WHITE
Image_2146.jpg,SLEEPY ORANGE
Image_4962.jpg,PAINTED LADY
Image_1151.jpg,SLEEPY ORANGE
Image_1570.jpg,CAIRNS BIRDWING
Image_3204.jpg,GREAT EGGFLY
Image_488.jpg,CRECENT
Image_3407.jpg,STRAITED QUEEN
Image_1124.jpg,SCARCE SWALLOW
Image_2063.jpg,ORCHARD SWALLOW
Image_876.jpg,RED ADMIRAL
Image_986.jpg,MONARCH
Image_1940.jpg,BLACK HAIRSTREAK
Image_3811.jpg,GOLD BANDED
Image_3253.jpg,CRIMSON PATCH
Image_3517.jpg,AN 88
Image_3247.jpg,BLUE MORPHO
Image_5091.jpg,WOOD SATYR
Image_4008.jpg,PURPLISH COPPER
Image_634.jpg,EASTERN COMA
Image_1091.jpg,ULYSES
Image_2362.jpg,RED CRACKER
Image_2576.jpg,CRECENT
Image_2578.jpg,MESTRA
Image_2043.jpg,COMMON WOOD-NYMPH
Image_2294.jpg,PAPER KITE
Image_931.jpg,CHESTNUT
Image_5092.jpg,BROWN SIPROETA
Image_1339.jpg,RED POSTMAN
Image_1660.jpg,PURPLE HAIRSTREAK
Image_2765.jpg,GREY HAIRSTREAK
Image_3023.jpg,CHECQUERED SKIPPER
Image_1850.jpg,ADONIS
Image_4273.jpg,PEACOCK
Image_2320.jpg,AFRICAN GIANT SWALLOWTAIL
Image_1965.jpg,CRIMSON PATCH
Image_1044.jpg,QUESTION MARK
Image_4098.jpg,COPPER TAIL
Image_2080.jpg,METALMARK
Image_469.jpg,MANGROVE SKIPPER
Image_1107.jpg,ATALA
Image_467.jpg,PURPLISH COPPER
Image_1976.jpg,MONARCH
Image_4938.jpg,CLOUDED SULPHUR
Image_2082.jpg,RED ADMIRAL
Image_1843.jpg,MESTRA
Image_2396.jpg,BANDED ORANGE HELICONIAN
Image_4578.jpg,QUESTION MARK
Image_769.jpg,SILVER SPOT SKIPPER
Image_4786.jpg,ADONIS
Image_1764.jpg,APPOLLO
Image_4996.jpg,AFRICAN GIANT SWALLOWTAIL
Image_2662.jpg,CRIMSON PATCH
Image_4249.jpg,SOUTHERN DOGFACE
Image_3983.jpg,BLUE SPOTTED CROW
Image_4899.jpg,SOOTYWING
Image_2110.jpg,GREY HAIRSTREAK
Image_4674.jpg,ATALA
Image_2171.jpg,YELLOW SWALLOW TAIL
Image_1099.jpg,CLODIUS PARNASSIAN
Image_4906.jpg,GOLD BANDED
Image_2580.jpg,GREEN CELLED CATTLEHEART
Image_569.jpg,EASTERN COMA
Image_4539.jpg,ORANGE TIP
Image_3030.jpg,POPINJAY
Image_2284.jpg,COPPER TAIL
Image_3222.jpg,BLACK HAIRSTREAK
Image_2398.jpg,PURPLE HAIRSTREAK
Image_2090.jpg,ORANGE TIP
Image_3739.jpg,MALACHITE
Image_2030.jpg,MILBERTS TORTOISESHELL
Image_691.jpg,CHECQUERED SKIPPER
Image_4570.jpg,SOUTHERN DOGFACE
Image_4671.jpg,RED CRACKER
Image_32.jpg,PINE WHITE
Image_872.jpg,PURPLE HAIRSTREAK
Image_4150.jpg,BROWN SIPROETA
Image_1915.jpg,CRECENT
Image_4128.jpg,METALMARK
Image_338.jpg,RED POSTMAN
Image_1348.jpg,BANDED ORANGE HELICONIAN
Image_3855.jpg,PAINTED LADY
Image_1402.jpg,ADONIS
Image_4943.jpg,JULIA
Image_3775.jpg,RED SPOTTED PURPLE
Image_3140.jpg,ADONIS
Image_1480.jpg,COMMON WOOD-NYMPH
Image_4496.jpg,TWO BARRED FLASHER
Image_643.jpg,PIPEVINE SWALLOW
Image_2074.jpg,CHESTNUT
Image_185.jpg,GOLD BANDED
Image_2196.jpg,SOUTHERN DOGFACE
Image_4661.jpg,CAIRNS BIRDWING
Image_237.jpg,BANDED ORANGE HELICONIAN
Image_420.jpg,YELLOW SWALLOW TAIL
Image_171.jpg,ULYSES
Image_916.jpg,CHECQUERED SKIPPER
Image_4616.jpg,CRECENT
Image_3651.jpg,GREAT JAY
Image_3701.jpg,MESTRA
Image_1234.jpg,BANDED PEACOCK
Image_3885.jpg,BANDED PEACOCK
Image_2628.jpg,RED ADMIRAL
Image_408.jpg,BLUE MORPHO
Image_3696.jpg,BLUE SPOTTED CROW
Image_2182.jpg,ORANGE TIP
Image_712.jpg,PAPER KITE
Image_1470.jpg,ULYSES
Image_272.jpg,CHECQUERED SKIPPER
Image_583.jpg,PIPEVINE SWALLOW
Image_4492.jpg,CRECENT
Image_4142.jpg,BLUE SPOTTED CROW
Image_2371.jpg,MESTRA
Image_2267.jpg,ATALA
Image_4971.jpg,CLODIUS PARNASSIAN
Image_495.jpg,GREAT EGGFLY
Image_3104.jpg,CRECENT
Image_574.jpg,RED CRACKER
Image_1025.jpg,COPPER TAIL
Image_1321.jpg,CLOUDED SULPHUR
Image_2178.jpg,SILVER SPOT SKIPPER
Image_5162.jpg,PINE WHITE
Image_3390.jpg,BANDED ORANGE HELICONIAN
Image_18.jpg,JULIA
Image_1359.jpg,COMMON WOOD-NYMPH
Image_2729.jpg,MONARCH
Image_2659.jpg,ORANGE TIP
Image_762.jpg,MONARCH
Image_3179.jpg,RED POSTMAN
Image_763.jpg,EASTERN PINE ELFIN
Image_1129.jpg,MOURNING CLOAK
Image_3016.jpg,LARGE MARBLE
Image_3862.jpg,RED CRACKER
Image_4855.jpg,GREY HAIRSTREAK
Image_1817.jpg,AMERICAN SNOOT
Image_4237.jpg,PURPLISH COPPER
Image_5045.jpg,AN 88
Image_1544.jpg,PAINTED LADY
Image_2176.jpg,GREAT JAY
Image_5054.jpg,MESTRA
Image_5122.jpg,CHECQUERED SKIPPER
Image_1014.jpg,RED CRACKER
Image_4490.jpg,ORANGE OAKLEAF
Image_4021.jpg,RED SPOTTED PURPLE
Image_432.jpg,TROPICAL LEAFWING
Image_3099.jpg,STRAITED QUEEN
Image_1404.jpg,MOURNING CLOAK
Image_748.jpg,RED POSTMAN
Image_5147.jpg,RED ADMIRAL
Image_270.jpg,ORANGE TIP
Image_239.jpg,SCARCE SWALLOW
Image_1286.jpg,BECKERS WHITE
Image_3034.jpg,SOOTYWING
Image_1573.jpg,ORANGE OAKLEAF
Image_4165.jpg,COMMON WOOD-NYMPH
Image_1169.jpg,BANDED ORANGE HELICONIAN
Image_1295.jpg,ORANGE OAKLEAF
Image_860.jpg,RED CRACKER
Image_4187.jpg,ORCHARD SWALLOW
Image_3153.jpg,SOOTYWING
Image_2075.jpg,DANAID EGGFLY
Image_1780.jpg,EASTERN PINE ELFIN
Image_2128.jpg,AN 88
Image_4918.jpg,DANAID EGGFLY
Image_1743.jpg,CHESTNUT
Image_615.jpg,CLOUDED SULPHUR
Image_3539.jpg,PURPLISH COPPER
Image_582.jpg,RED SPOTTED PURPLE
Image_704.jpg,TROPICAL LEAFWING
Image_727.jpg,IPHICLUS SISTER
Image_1854.jpg,ATALA
Image_274.jpg,TWO BARRED FLASHER
Image_3979.jpg,CAIRNS BIRDWING
Image_3903.jpg,AFRICAN GIANT SWALLOWTAIL
Image_5132.jpg,GREAT EGGFLY
Image_1202.jpg,GREEN CELLED CATTLEHEART
Image_158.jpg,ULYSES
Image_260.jpg,MILBERTS TORTOISESHELL
Image_1827.jpg,POPINJAY
Image_4342.jpg,COPPER TAIL
Image_2722.jpg,CLODIUS PARNASSIAN
Image_1766.jpg,VICEROY
Image_2476.jpg,AN 88
Image_2151.jpg,ZEBRA LONG WING
Image_1954.jpg,IPHICLUS SISTER
Image_983.jpg,GOLD BANDED
Image_887.jpg,BLUE SPOTTED CROW
Image_525.jpg,MILBERTS TORTOISESHELL
Image_902.jpg,RED SPOTTED PURPLE
Image_2.jpg,BLACK HAIRSTREAK
Image_1649.jpg,TROPICAL LEAFWING
Image_4805.jpg,CLOUDED SULPHUR
Image_2463.jpg,MOURNING CLOAK
Image_4361.jpg,GREY HAIRSTREAK
Image_807.jpg,COPPER TAIL
Image_1789.jpg,RED POSTMAN
Image_3881.jpg,EASTERN COMA
Image_2633.jpg,SCARCE SWALLOW
Image_2698.jpg,CLOUDED SULPHUR
Image_4269.jpg,MALACHITE
Image_4009.jpg,EASTERN COMA
Image_1292.jpg,CLOUDED SULPHUR
Image_759.jpg,TROPICAL LEAFWING
Image_3224.jpg,BECKERS WHITE
Image_705.jpg,CAIRNS BIRDWING
Image_818.jpg,RED ADMIRAL
Image_5003.jpg,EASTERN PINE ELFIN
Image_2303.jpg,EASTERN PINE ELFIN
Image_1018.jpg,MESTRA
Image_2254.jpg,ORANGE OAKLEAF
Image_2363.jpg,RED ADMIRAL
Image_2688.jpg,PIPEVINE SWALLOW
Image_2382.jpg,EASTERN DAPPLE WHITE
Image_2913.jpg,LARGE MARBLE
Image_2408.jpg,RED ADMIRAL
Image_4052.jpg,SLEEPY ORANGE
Image_327.jpg,COMMON WOOD-NYMPH
Image_3640.jpg,PIPEVINE SWALLOW
Image_4683.jpg,CRIMSON PATCH
Image_2331.jpg,CAIRNS BIRDWING
Image_1520.jpg,POPINJAY
Image_4465.jpg,MALACHITE
Image_2871.jpg,BECKERS WHITE
Image_3978.jpg,BLUE MORPHO
Image_4932.jpg,CHECQUERED SKIPPER
Image_1729.jpg,APPOLLO
Image_2537.jpg,GREEN CELLED CATTLEHEART
Image_5050.jpg,MILBERTS TORTOISESHELL
Image_3814.jpg,LARGE MARBLE
Image_2321.jpg,CABBAGE WHITE
Image_4394.jpg,BLUE MORPHO
Image_2425.jpg,PAPER KITE
Image_4159.jpg,ORANGE OAKLEAF
Image_3249.jpg,COMMON BANDED AWL
Image_4117.jpg,RED ADMIRAL
Image_1521.jpg,ELBOWED PIERROT
Image_616.jpg,TWO BARRED FLASHER
Image_4790.jpg,CLODIUS PARNASSIAN
Image_2836.jpg,PURPLE HAIRSTREAK
Image_3987.jpg,GREAT EGGFLY
Image_3508.jpg,EASTERN COMA
Image_1639.jpg,RED SPOTTED PURPLE
Image_1580.jpg,AMERICAN SNOOT
Image_1229.jpg,RED ADMIRAL
Image_5010.jpg,COMMON BANDED AWL
Image_4131.jpg,IPHICLUS SISTER
Image_4327.jpg,RED CRACKER
Image_3389.jpg,PEACOCK
Image_3454.jpg,RED POSTMAN
Image_1401.jpg,JULIA
Image_3710.jpg,INDRA SWALLOW
Image_4994.jpg,ATALA
Image_2956.jpg,APPOLLO
Image_1543.jpg,APPOLLO
Image_1711.jpg,STRAITED QUEEN
Image_3010.jpg,CLODIUS PARNASSIAN
Image_606.jpg,AN 88
Image_143.jpg,SCARCE SWALLOW
Image_2977.jpg,CLODIUS PARNASSIAN
Image_778.jpg,GOLD BANDED
Image_2758.jpg,EASTERN PINE ELFIN
Image_2900.jpg,ATALA
Image_1298.jpg,GOLD BANDED
Image_671.jpg,RED ADMIRAL
Image_1741.jpg,POPINJAY
Image_1957.jpg,MONARCH
Image_3744.jpg,EASTERN PINE ELFIN
Image_3255.jpg,ORCHARD SWALLOW
Image_2682.jpg,PINE WHITE
Image_2485.jpg,PINE WHITE
Image_3915.jpg,CLOUDED SULPHUR
Image_5020.jpg,POPINJAY
Image_5042.jpg,BLUE SPOTTED CROW
Image_659.jpg,COMMON BANDED AWL
Image_129.jpg,BLACK HAIRSTREAK
Image_4732.jpg,ULYSES
Image_166.jpg,CLOUDED SULPHUR
Image_2783.jpg,TROPICAL LEAFWING
Image_1753.jpg,SLEEPY ORANGE
Image_418.jpg,CLODIUS PARNASSIAN
Image_2741.jpg,BECKERS WHITE
Image_3698.jpg,SOUTHERN DOGFACE
Image_811.jpg,DANAID EGGFLY
Image_2642.jpg,SLEEPY ORANGE
Image_1912.jpg,RED SPOTTED PURPLE
Image_164.jpg,AN 88
Image_629.jpg,BLACK HAIRSTREAK
Image_1991.jpg,GREAT EGGFLY
Image_999.jpg,RED CRACKER
Image_4234.jpg,BLUE MORPHO
Image_5026.jpg,AN 88
Image_2543.jpg,SLEEPY ORANGE
Image_572.jpg,LARGE MARBLE
Image_3920.jpg,MONARCH
Image_2108.jpg,GREAT JAY
Image_2323.jpg,BLUE MORPHO
Image_570.jpg,CRECENT
Image_3458.jpg,CLEOPATRA
Image_4064.jpg,INDRA SWALLOW
Image_669.jpg,CABBAGE WHITE
Image_50.jpg,PURPLISH COPPER
Image_357.jpg,QUESTION MARK
Image_503.jpg,SLEEPY ORANGE
Image_4348.jpg,CABBAGE WHITE
Image_3248.jpg,VICEROY
Image_4015.jpg,COMMON WOOD-NYMPH
Image_869.jpg,PAPER KITE
Image_604.jpg,GREY HAIRSTREAK
Image_3705.jpg,BROWN SIPROETA
Image_1141.jpg,ELBOWED PIERROT
Image_654.jpg,CLODIUS PARNASSIAN
Image_457.jpg,GREEN CELLED CATTLEHEART
Image_2365.jpg,AN 88
Image_935.jpg,CLEOPATRA
Image_2237.jpg,GREY HAIRSTREAK
Image_1135.jpg,PURPLISH COPPER
Image_3601.jpg,CHESTNUT
Image_1511.jpg,PAPER KITE
Image_3221.jpg,IPHICLUS SISTER
Image_2497.jpg,CRECENT
Image_2473.jpg,ORCHARD SWALLOW
Image_3806.jpg,ZEBRA LONG WING
Image_3480.jpg,ADONIS
Image_4896.jpg,QUESTION MARK
Image_2249.jpg,ULYSES
Image_220.jpg,MILBERTS TORTOISESHELL
Image_5053.jpg,CABBAGE WHITE
Image_4775.jpg,CRECENT
Image_4976.jpg,MESTRA
Image_1393.jpg,ADONIS
Image_751.jpg,PIPEVINE SWALLOW
Image_1542.jpg,CHESTNUT
Image_308.jpg,CRECENT
Image_688.jpg,ELBOWED PIERROT
Image_2081.jpg,BLACK HAIRSTREAK
Image_5142.jpg,RED SPOTTED PURPLE
Image_3085.jpg,BANDED ORANGE HELICONIAN
Image_3735.jpg,SOUTHERN DOGFACE
Image_1432.jpg,RED SPOTTED PURPLE
Image_4393.jpg,TROPICAL LEAFWING
Image_4218.jpg,CHECQUERED SKIPPER
Image_4200.jpg,ORANGE OAKLEAF
Image_1807.jpg,PAPER KITE
Image_4031.jpg,ULYSES
Image_4114.jpg,TROPICAL LEAFWING
Image_2941.jpg,QUESTION MARK
Image_472.jpg,APPOLLO
Image_4708.jpg,CLODIUS PARNASSIAN
Image_4472.jpg,RED POSTMAN
Image_1113.jpg,CAIRNS BIRDWING
Image_2204.jpg,VICEROY
Image_1083.jpg,PINE WHITE
Image_1879.jpg,YELLOW SWALLOW TAIL
Image_617.jpg,CHECQUERED SKIPPER
Image_33.jpg,MALACHITE
Image_684.jpg,CAIRNS BIRDWING
Image_1502.jpg,RED SPOTTED PURPLE
Image_2496.jpg,MILBERTS TORTOISESHELL
Image_4718.jpg,SILVER SPOT SKIPPER
Image_2503.jpg,CHESTNUT
Image_4707.jpg,ADONIS
Image_2472.jpg,PURPLISH COPPER
Image_752.jpg,CAIRNS BIRDWING
Image_1824.jpg,CHESTNUT
Image_3072.jpg,STRAITED QUEEN
Image_4453.jpg,EASTERN PINE ELFIN
Image_3449.jpg,SLEEPY ORANGE
Image_1669.jpg,RED ADMIRAL
Image_1405.jpg,GREY HAIRSTREAK
Image_4097.jpg,CHESTNUT
Image_3839.jpg,INDRA SWALLOW
Image_2664.jpg,VICEROY
Image_4885.jpg,CLODIUS PARNASSIAN
Image_4325.jpg,VICEROY
Image_3623.jpg,BLACK HAIRSTREAK
Image_990.jpg,AMERICAN SNOOT
Image_1492.jpg,LARGE MARBLE
Image_1206.jpg,YELLOW SWALLOW TAIL
Image_3669.jpg,BANDED ORANGE HELICONIAN
Image_3254.jpg,PIPEVINE SWALLOW
Image_3774.jpg,PAINTED LADY
Image_2505.jpg,JULIA
Image_1856.jpg,COMMON BANDED AWL
Image_3448.jpg,JULIA
Image_4804.jpg,BROWN SIPROETA
Image_3195.jpg,PAINTED LADY
Image_1375.jpg,ZEBRA LONG WING
Image_4538.jpg,STRAITED QUEEN
Image_724.jpg,PAINTED LADY
Image_1361.jpg,CHESTNUT
Image_2541.jpg,MESTRA
Image_571.jpg,YELLOW SWALLOW TAIL
Image_1238.jpg,BLUE SPOTTED CROW
Image_2782.jpg,CAIRNS BIRDWING
Image_5014.jpg,ORANGE TIP
Image_123.jpg,SOUTHERN DOGFACE
Image_3233.jpg,GREY HAIRSTREAK
Image_3298.jpg,RED ADMIRAL
Image_3879.jpg,GREY HAIRSTREAK
Image_3936.jpg,COPPER TAIL
Image_3695.jpg,YELLOW SWALLOW TAIL
Image_3928.jpg,TWO BARRED FLASHER
Image_3740.jpg,CLEOPATRA
Image_2529.jpg,LARGE MARBLE
Image_773.jpg,MOURNING CLOAK
Image_1691.jpg,WOOD SATYR
Image_1808.jpg,AMERICAN SNOOT
Image_3609.jpg,METALMARK
Image_956.jpg,ADONIS
Image_2818.jpg,CLOUDED SULPHUR
Image_2849.jpg,MANGROVE SKIPPER
Image_3491.jpg,POPINJAY
Image_2172.jpg,SOUTHERN DOGFACE
Image_3693.jpg,STRAITED QUEEN
Image_5175.jpg,CLEOPATRA
Image_640.jpg,JULIA
Image_3888.jpg,CABBAGE WHITE
Image_466.jpg,EASTERN PINE ELFIN
Image_917.jpg,MONARCH
Image_3712.jpg,SLEEPY ORANGE
Image_3666.jpg,SOUTHERN DOGFACE
Image_2894.jpg,VICEROY
Image_1490.jpg,AFRICAN GIANT SWALLOWTAIL
Image_481.jpg,CABBAGE WHITE
Image_4684.jpg,BANDED PEACOCK
Image_2402.jpg,MANGROVE SKIPPER
Image_708.jpg,PURPLE HAIRSTREAK
Image_2994.jpg,SILVER SPOT SKIPPER
Image_1126.jpg,ADONIS
Image_4317.jpg,ORANGE TIP
Image_1391.jpg,PURPLISH COPPER
Image_1012.jpg,ATALA
Image_2258.jpg,BROWN SIPROETA
Image_820.jpg,PAINTED LADY
Image_3752.jpg,CRECENT
Image_1740.jpg,EASTERN PINE ELFIN
Image_3301.jpg,BECKERS WHITE
Image_337.jpg,AN 88
Image_4436.jpg,ELBOWED PIERROT
Image_1563.jpg,JULIA
Image_4574.jpg,ORANGE OAKLEAF
Image_3901.jpg,PAINTED LADY
Image_2574.jpg,MANGROVE SKIPPER
Image_4690.jpg,COMMON BANDED AWL
Image_4666.jpg,VICEROY
Image_4859.jpg,CLEOPATRA
Image_2202.jpg,PIPEVINE SWALLOW
Image_3499.jpg,ZEBRA LONG WING
Image_2277.jpg,PIPEVINE SWALLOW
Image_3435.jpg,AMERICAN SNOOT
Image_3902.jpg,WOOD SATYR
Image_484.jpg,BLUE SPOTTED CROW
Image_3191.jpg,GREAT EGGFLY
Image_1316.jpg,RED POSTMAN
Image_5198.jpg,PURPLE HAIRSTREAK
Image_262.jpg,SLEEPY ORANGE
Image_1710.jpg,CAIRNS BIRDWING
Image_1825.jpg,AFRICAN GIANT SWALLOWTAIL
Image_4435.jpg,TROPICAL LEAFWING
Image_4889.jpg,COMMON BANDED AWL
Image_5150.jpg,COMMON BANDED AWL
Image_3206.jpg,CRECENT
Image_1355.jpg,CLODIUS PARNASSIAN
Image_4549.jpg,CRIMSON PATCH
Image_3095.jpg,GREAT EGGFLY
Image_4106.jpg,RED ADMIRAL
Image_3004.jpg,COPPER TAIL
Image_443.jpg,RED CRACKER
Image_168.jpg,RED SPOTTED PURPLE
Image_1284.jpg,COMMON BANDED AWL
Image_4680.jpg,ORANGE TIP
Image_5051.jpg,INDRA SWALLOW
Image_721.jpg,SOOTYWING
Image_728.jpg,TROPICAL LEAFWING
Image_3997.jpg,COMMON BANDED AWL
Image_2907.jpg,CRECENT
Image_4606.jpg,AN 88
Image_2404.jpg,CHECQUERED SKIPPER
Image_576.jpg,JULIA
Image_2933.jpg,ELBOWED PIERROT
Image_800.jpg,AN 88
Image_2669.jpg,MANGROVE SKIPPER
Image_4323.jpg,SCARCE SWALLOW
Image_3375.jpg,INDRA SWALLOW
Image_95.jpg,TROPICAL LEAFWING
Image_2626.jpg,SLEEPY ORANGE
Image_405.jpg,MANGROVE SKIPPER
Image_3472.jpg,ZEBRA LONG WING
Image_1406.jpg,BLUE SPOTTED CROW
Image_4546.jpg,EASTERN DAPPLE WHITE
Image_3502.jpg,YELLOW SWALLOW TAIL
Image_2471.jpg,ORANGE OAKLEAF
Image_891.jpg,EASTERN PINE ELFIN
Image_1796.jpg,CRIMSON PATCH
Image_3307.jpg,AN 88
Image_1474.jpg,COMMON WOOD-NYMPH
Image_3861.jpg,GOLD BANDED
Image_1224.jpg,ZEBRA LONG WING
Image_35.jpg,ELBOWED PIERROT
Image_2811.jpg,JULIA
Image_2817.jpg,BROWN SIPROETA
Image_1797.jpg,GREAT JAY
Image_1508.jpg,APPOLLO
Image_2766.jpg,SOOTYWING
Image_2553.jpg,RED SPOTTED PURPLE
Image_4725.jpg,TWO BARRED FLASHER
Image_3413.jpg,BLUE SPOTTED CROW
Image_140.jpg,COPPER TAIL
Image_4050.jpg,ATALA
Image_805.jpg,MOURNING CLOAK
Image_4857.jpg,COMMON WOOD-NYMPH
Image_403.jpg,CLODIUS PARNASSIAN
Image_941.jpg,PAINTED LADY
Image_1738.jpg,MANGROVE SKIPPER
Image_1317.jpg,METALMARK
Image_4993.jpg,GREAT JAY
Image_3829.jpg,EASTERN PINE ELFIN
Image_4886.jpg,INDRA SWALLOW
Image_1930.jpg,ELBOWED PIERROT
Image_1829.jpg,ELBOWED PIERROT
Image_431.jpg,VICEROY
Image_1426.jpg,PEACOCK
Image_1744.jpg,RED SPOTTED PURPLE
Image_219.jpg,BANDED ORANGE HELICONIAN
Image_1564.jpg,QUESTION MARK
Image_352.jpg,CRIMSON PATCH
Image_423.jpg,SCARCE SWALLOW
Image_3683.jpg,BANDED ORANGE HELICONIAN
Image_4166.jpg,ORANGE TIP
Image_4950.jpg,CHECQUERED SKIPPER
Image_1990.jpg,PINE WHITE
Image_813.jpg,PURPLISH COPPER
Image_920.jpg,QUESTION MARK
Image_2318.jpg,DANAID EGGFLY
Image_27.jpg,TROPICAL LEAFWING
Image_4664.jpg,SCARCE SWALLOW
Image_2717.jpg,GREAT JAY
Image_1658.jpg,PINE WHITE
Image_2998.jpg,STRAITED QUEEN
Image_4383.jpg,ELBOWED PIERROT
Image_4825.jpg,MESTRA
Image_648.jpg,SLEEPY ORANGE
Image_4417.jpg,QUESTION MARK
Image_398.jpg,POPINJAY
Image_2515.jpg,BLUE SPOTTED CROW
Image_427.jpg,CAIRNS BIRDWING
Image_3960.jpg,RED SPOTTED PURPLE
Image_2627.jpg,WOOD SATYR
Image_4819.jpg,SLEEPY ORANGE
Image_1931.jpg,JULIA
Image_4219.jpg,BLUE MORPHO
Image_928.jpg,MESTRA
Image_3493.jpg,CLEOPATRA
Image_4330.jpg,SILVER SPOT SKIPPER
Image_3350.jpg,RED POSTMAN
Image_1106.jpg,TWO BARRED FLASHER
Image_809.jpg,GREAT EGGFLY
Image_1699.jpg,GOLD BANDED
Image_2087.jpg,MANGROVE SKIPPER
Image_48.jpg,PEACOCK
Image_475.jpg,COPPER TAIL
Image_4729.jpg,PINE WHITE
Image_1051.jpg,INDRA SWALLOW
Image_2620.jpg,METALMARK
Image_2346.jpg,RED CRACKER
Image_3198.jpg,EASTERN COMA
Image_4085.jpg,MONARCH
Image_4609.jpg,DANAID EGGFLY
Image_4793.jpg,YELLOW SWALLOW TAIL
Image_4178.jpg,RED CRACKER
Image_1565.jpg,RED CRACKER
Image_2160.jpg,BLACK HAIRSTREAK
Image_1567.jpg,MANGROVE SKIPPER
Image_2594.jpg,CABBAGE WHITE
Image_1357.jpg,EASTERN PINE ELFIN
Image_1033.jpg,AN 88
Image_4030.jpg,INDRA SWALLOW
Image_3805.jpg,TROPICAL LEAFWING
Image_4512.jpg,SCARCE SWALLOW
Image_2115.jpg,ORANGE OAKLEAF
Image_3280.jpg,EASTERN DAPPLE WHITE
Image_1820.jpg,PURPLE HAIRSTREAK
Image_5046.jpg,MESTRA
Image_851.jpg,BROWN SIPROETA
Image_1822.jpg,PURPLE HAIRSTREAK
Image_2236.jpg,COMMON BANDED AWL
Image_1944.jpg,COMMON WOOD-NYMPH
Image_1345.jpg,CLEOPATRA
Image_1422.jpg,COMMON BANDED AWL
Image_3592.jpg,MANGROVE SKIPPER
Image_2250.jpg,INDRA SWALLOW
Image_3568.jpg,RED ADMIRAL
Image_3.jpg,INDRA SWALLOW
Image_1399.jpg,CLODIUS PARNASSIAN
Image_1734.jpg,SOOTYWING
Image_2799.jpg,ZEBRA LONG WING
Image_1190.jpg,WOOD SATYR
Image_4979.jpg,BANDED PEACOCK
Image_291.jpg,AMERICAN SNOOT
Image_1925.jpg,MESTRA
Image_4894.jpg,ORANGE TIP
Image_376.jpg,GREAT EGGFLY
Image_3773.jpg,ORANGE OAKLEAF
Image_4561.jpg,COMMON WOOD-NYMPH
Image_1656.jpg,SOUTHERN DOGFACE
Image_3101.jpg,ORANGE OAKLEAF
Image_741.jpg,BECKERS WHITE
Image_267.jpg,BANDED ORANGE HELICONIAN
Image_861.jpg,TWO BARRED FLASHER
Image_3747.jpg,PURPLISH COPPER
Image_5098.jpg,SILVER SPOT SKIPPER
Image_4137.jpg,CLEOPATRA
Image_4177.jpg,CLODIUS PARNASSIAN
Image_796.jpg,ZEBRA LONG WING
Image_4579.jpg,EASTERN COMA
Image_2015.jpg,BANDED PEACOCK
Image_1272.jpg,ELBOWED PIERROT
Image_2506.jpg,BECKERS WHITE
Image_3721.jpg,VICEROY
Image_1756.jpg,CLOUDED SULPHUR
Image_404.jpg,SILVER SPOT SKIPPER
Image_2792.jpg,CHESTNUT
Image_3776.jpg,METALMARK
Image_3406.jpg,BLACK HAIRSTREAK
Image_3784.jpg,ULYSES
Image_2652.jpg,EASTERN PINE ELFIN
Image_2918.jpg,ORCHARD SWALLOW
Image_4902.jpg,SCARCE SWALLOW
Image_4626.jpg,AFRICAN GIANT SWALLOWTAIL
Image_3895.jpg,RED POSTMAN
Image_4605.jpg,CLEOPATRA
Image_3097.jpg,ELBOWED PIERROT
Image_3631.jpg,MALACHITE
Image_4182.jpg,QUESTION MARK
Image_4461.jpg,MESTRA
Image_718.jpg,AFRICAN GIANT SWALLOWTAIL
Image_1659.jpg,SCARCE SWALLOW
Image_2602.jpg,PAPER KITE
Image_5116.jpg,GREY HAIRSTREAK
Image_3403.jpg,MANGROVE SKIPPER
Image_4451.jpg,DANAID EGGFLY
Image_4720.jpg,JULIA
Image_19.jpg,ORANGE TIP
Image_4581.jpg,VICEROY
Image_4688.jpg,LARGE MARBLE
Image_5130.jpg,BANDED ORANGE HELICONIAN
Image_955.jpg,MONARCH
Image_1313.jpg,CRECENT
Image_2351.jpg,LARGE MARBLE
Image_912.jpg,COPPER TAIL
Image_3531.jpg,GREEN CELLED CATTLEHEART
Image_3825.jpg,ELBOWED PIERROT
Image_485.jpg,SILVER SPOT SKIPPER
Image_4495.jpg,COMMON BANDED AWL
Image_5017.jpg,WOOD SATYR
Image_2109.jpg,APPOLLO
Image_3497.jpg,MILBERTS TORTOISESHELL
Image_2739.jpg,TROPICAL LEAFWING
Image_1420.jpg,AFRICAN GIANT SWALLOWTAIL
Image_4076.jpg,ATALA
Image_3060.jpg,GREAT EGGFLY
Image_726.jpg,RED CRACKER
Image_353.jpg,BLUE MORPHO
Image_4715.jpg,MESTRA
Image_2899.jpg,CLOUDED SULPHUR
Image_511.jpg,ZEBRA LONG WING
Image_3626.jpg,RED CRACKER
Image_359.jpg,CHESTNUT
Image_2173.jpg,SOOTYWING
Image_3374.jpg,ORANGE OAKLEAF
Image_4217.jpg,GOLD BANDED
Image_361.jpg,PIPEVINE SWALLOW
Image_815.jpg,YELLOW SWALLOW TAIL
Image_3918.jpg,COPPER TAIL
Image_2694.jpg,COPPER TAIL
Image_1717.jpg,BROWN SIPROETA
Image_3697.jpg,CHESTNUT
Image_1170.jpg,EASTERN COMA
Image_3857.jpg,CLODIUS PARNASSIAN
Image_3580.jpg,ATALA
Image_1220.jpg,PINE WHITE
Image_1109.jpg,PINE WHITE
Image_468.jpg,PAPER KITE
Image_281.jpg,GREY HAIRSTREAK
Image_1081.jpg,WOOD SATYR
Image_3532.jpg,RED CRACKER
Image_2586.jpg,GREAT JAY
Image_3731.jpg,GREY HAIRSTREAK
Image_747.jpg,MILBERTS TORTOISESHELL
Image_3482.jpg,ORANGE OAKLEAF
Image_4135.jpg,PURPLISH COPPER
Image_377.jpg,GREY HAIRSTREAK
Image_3564.jpg,ZEBRA LONG WING
Image_3215.jpg,BLUE SPOTTED CROW
Image_3738.jpg,PINE WHITE
Image_205.jpg,RED CRACKER
Image_1793.jpg,ORANGE TIP
Image_3311.jpg,ADONIS
Image_3208.jpg,ADONIS
Image_4595.jpg,MONARCH
Image_5105.jpg,QUESTION MARK
Image_458.jpg,RED POSTMAN
Image_4914.jpg,TWO BARRED FLASHER
Image_4316.jpg,PAPER KITE
Image_579.jpg,ADONIS
Image_4226.jpg,CRIMSON PATCH
Image_2524.jpg,CHECQUERED SKIPPER
Image_4026.jpg,ADONIS
Image_4893.jpg,RED ADMIRAL
Image_3230.jpg,DANAID EGGFLY
Image_5169.jpg,COMMON BANDED AWL
Image_4000.jpg,EASTERN COMA
Image_2163.jpg,COMMON WOOD-NYMPH
Image_3713.jpg,ULYSES
Image_3557.jpg,AMERICAN SNOOT
Image_3787.jpg,MOURNING CLOAK
Image_1886.jpg,BECKERS WHITE
Image_4694.jpg,SCARCE SWALLOW
Image_3011.jpg,QUESTION MARK
Image_3467.jpg,ATALA
Image_3507.jpg,ULYSES
Image_2738.jpg,CABBAGE WHITE
Image_1792.jpg,MILBERTS TORTOISESHELL
Image_4053.jpg,SOOTYWING
Image_2670.jpg,CLODIUS PARNASSIAN
Image_760.jpg,CABBAGE WHITE
Image_3993.jpg,COMMON WOOD-NYMPH
Image_2367.jpg,TROPICAL LEAFWING
Image_4198.jpg,ULYSES
Image_3473.jpg,MILBERTS TORTOISESHELL
Image_3821.jpg,DANAID EGGFLY
Image_1971.jpg,ORANGE OAKLEAF
Image_2092.jpg,IPHICLUS SISTER
Image_4344.jpg,SLEEPY ORANGE
Image_2000.jpg,MOURNING CLOAK
Image_4.jpg,VICEROY
Image_3524.jpg,PURPLE HAIRSTREAK
Image_2672.jpg,MALACHITE
Image_3990.jpg,GREAT EGGFLY
Image_1705.jpg,COMMON BANDED AWL
Image_2223.jpg,RED POSTMAN
Image_3277.jpg,METALMARK
Image_3199.jpg,BLUE SPOTTED CROW
Image_3170.jpg,STRAITED QUEEN
Image_530.jpg,MILBERTS TORTOISESHELL
Image_178.jpg,SOOTYWING
Image_1802.jpg,APPOLLO
Image_3431.jpg,RED POSTMAN
Image_3635.jpg,WOOD SATYR
Image_670.jpg,SLEEPY ORANGE
Image_3527.jpg,EASTERN PINE ELFIN
Image_612.jpg,PEACOCK
Image_1455.jpg,SOOTYWING
Image_918.jpg,COPPER TAIL
Image_4780.jpg,ELBOWED PIERROT
Image_1144.jpg,RED CRACKER
Image_152.jpg,COPPER TAIL
Image_5076.jpg,MESTRA
Image_1722.jpg,CLOUDED SULPHUR
Image_1205.jpg,COPPER TAIL
Image_1303.jpg,RED POSTMAN
Image_51.jpg,CHECQUERED SKIPPER
Image_4095.jpg,CHECQUERED SKIPPER
Image_1184.jpg,COMMON WOOD-NYMPH
Image_953.jpg,BANDED ORANGE HELICONIAN
Image_4925.jpg,CRIMSON PATCH
Image_4870.jpg,RED SPOTTED PURPLE
Image_1078.jpg,JULIA
Image_2512.jpg,PURPLE HAIRSTREAK
Image_5145.jpg,COPPER TAIL
Image_631.jpg,CLOUDED SULPHUR
Image_3054.jpg,MONARCH
Image_3267.jpg,ADONIS
Image_685.jpg,EASTERN COMA
Image_15.jpg,AMERICAN SNOOT
Image_3655.jpg,STRAITED QUEEN
Image_2057.jpg,RED POSTMAN
Image_1537.jpg,EASTERN COMA
Image_3538.jpg,GREAT EGGFLY
Image_5156.jpg,CLODIUS PARNASSIAN
Image_4278.jpg,ATALA
Image_4614.jpg,DANAID EGGFLY
Image_2217.jpg,TWO BARRED FLASHER
Image_1315.jpg,VICEROY
Image_4431.jpg,BLUE MORPHO
Image_3644.jpg,CHECQUERED SKIPPER
Image_787.jpg,VICEROY
Image_2800.jpg,MESTRA
Image_4691.jpg,BLACK HAIRSTREAK
Image_2571.jpg,RED CRACKER
Image_3081.jpg,MALACHITE
Image_2597.jpg,TWO BARRED FLASHER
Image_323.jpg,CLOUDED SULPHUR
Image_2826.jpg,RED POSTMAN
Image_4067.jpg,COMMON WOOD-NYMPH
Image_3481.jpg,QUESTION MARK
Image_128.jpg,CRECENT
Image_3838.jpg,CABBAGE WHITE
Image_4232.jpg,GREY HAIRSTREAK
Image_3772.jpg,COPPER TAIL
Image_1328.jpg,POPINJAY
Image_1062.jpg,DANAID EGGFLY
Image_3348.jpg,MESTRA
Image_65.jpg,JULIA
Image_4628.jpg,YELLOW SWALLOW TAIL
Image_2806.jpg,BANDED ORANGE HELICONIAN
Image_4961.jpg,MESTRA
Image_4603.jpg,CRIMSON PATCH
Image_2982.jpg,MOURNING CLOAK
Image_991.jpg,SOOTYWING
Image_2781.jpg,EASTERN COMA
Image_4929.jpg,METALMARK
Image_2024.jpg,TWO BARRED FLASHER
Image_3559.jpg,JULIA
Image_1312.jpg,MALACHITE
Image_4336.jpg,COMMON WOOD-NYMPH
Image_4290.jpg,GREAT EGGFLY
Image_952.jpg,YELLOW SWALLOW TAIL
Image_1577.jpg,LARGE MARBLE
Image_4867.jpg,ZEBRA LONG WING
Image_2372.jpg,MOURNING CLOAK
Image_4359.jpg,PIPEVINE SWALLOW
Image_2005.jpg,GOLD BANDED
Image_4507.jpg,CABBAGE WHITE
Image_3812.jpg,PAINTED LADY
Image_3891.jpg,RED SPOTTED PURPLE
Image_3929.jpg,BLACK HAIRSTREAK
Image_2416.jpg,IPHICLUS SISTER
Image_3217.jpg,JULIA
Image_1217.jpg,AFRICAN GIANT SWALLOWTAIL
Image_1541.jpg,RED POSTMAN
Image_216.jpg,PEACOCK
Image_2521.jpg,ZEBRA LONG WING
Image_1812.jpg,EASTERN PINE ELFIN
Image_2175.jpg,BROWN SIPROETA
Image_4221.jpg,ELBOWED PIERROT
Image_4737.jpg,PIPEVINE SWALLOW
Image_2341.jpg,MOURNING CLOAK
Image_2313.jpg,CRECENT
Image_1642.jpg,AMERICAN SNOOT
Image_130.jpg,COMMON WOOD-NYMPH
Image_3329.jpg,APPOLLO
Image_2037.jpg,SOOTYWING
Image_4827.jpg,BROWN SIPROETA
Image_834.jpg,ORANGE TIP
Image_1646.jpg,ORANGE OAKLEAF
Image_1460.jpg,STRAITED QUEEN
Image_3870.jpg,SCARCE SWALLOW
Image_246.jpg,CRECENT
Image_2226.jpg,MOURNING CLOAK
Image_1232.jpg,POPINJAY
Image_5013.jpg,BECKERS WHITE
Image_1006.jpg,MANGROVE SKIPPER
Image_2808.jpg,BECKERS WHITE
Image_3479.jpg,GREY HAIRSTREAK
Image_1174.jpg,EASTERN COMA
Image_4765.jpg,COPPER TAIL
Image_4037.jpg,BANDED PEACOCK
Image_5100.jpg,MALACHITE
Image_3909.jpg,ORCHARD SWALLOW
Image_2928.jpg,SLEEPY ORANGE
Image_135.jpg,COMMON WOOD-NYMPH
Image_647.jpg,EASTERN PINE ELFIN
Image_733.jpg,TROPICAL LEAFWING
Image_921.jpg,ULYSES
Image_2660.jpg,ATALA
Image_4987.jpg,AFRICAN GIANT SWALLOWTAIL
Image_4012.jpg,ZEBRA LONG WING
Image_4632.jpg,BLUE SPOTTED CROW
Image_4096.jpg,MANGROVE SKIPPER
Image_830.jpg,BECKERS WHITE
Image_3692.jpg,PAINTED LADY
Image_4115.jpg,EASTERN PINE ELFIN
Image_898.jpg,SOOTYWING
Image_1894.jpg,SILVER SPOT SKIPPER
Image_2414.jpg,IPHICLUS SISTER
Image_312.jpg,LARGE MARBLE
Image_1811.jpg,CAIRNS BIRDWING
Image_2780.jpg,YELLOW SWALLOW TAIL
Image_906.jpg,DANAID EGGFLY
Image_3703.jpg,CLODIUS PARNASSIAN
Image_715.jpg,BLACK HAIRSTREAK
Image_4583.jpg,APPOLLO
Image_111.jpg,ATALA
Image_3373.jpg,PURPLISH COPPER
Image_2559.jpg,ULYSES
Image_2827.jpg,ORANGE TIP
Image_2887.jpg,CLOUDED SULPHUR
Image_951.jpg,MILBERTS TORTOISESHELL
Image_194.jpg,QUESTION MARK
Image_4504.jpg,EASTERN PINE ELFIN
Image_1616.jpg,COPPER TAIL
Image_259.jpg,JULIA
Image_4640.jpg,COMMON WOOD-NYMPH
Image_407.jpg,AN 88
Image_3552.jpg,ORANGE TIP
Image_414.jpg,SILVER SPOT SKIPPER
Image_2129.jpg,PAINTED LADY
Image_1583.jpg,APPOLLO
Image_3105.jpg,RED SPOTTED PURPLE
Image_3649.jpg,PAINTED LADY
Image_2634.jpg,RED POSTMAN
Image_3192.jpg,SLEEPY ORANGE
Image_2943.jpg,CHECQUERED SKIPPER
Image_4920.jpg,CLODIUS PARNASSIAN
Image_4422.jpg,RED CRACKER
Image_2191.jpg,BECKERS WHITE
Image_1762.jpg,QUESTION MARK
Image_1440.jpg,GREAT JAY
Image_1296.jpg,BLACK HAIRSTREAK
Image_4883.jpg,PURPLE HAIRSTREAK
Image_4940.jpg,CHECQUERED SKIPPER
Image_1846.jpg,SCARCE SWALLOW
Image_3949.jpg,QUESTION MARK
Image_4782.jpg,COPPER TAIL
Image_1269.jpg,MILBERTS TORTOISESHELL
Image_3149.jpg,SOUTHERN DOGFACE
Image_2686.jpg,CAIRNS BIRDWING
Image_4255.jpg,AFRICAN GIANT SWALLOWTAIL
Image_3343.jpg,POPINJAY
Image_2039.jpg,MANGROVE SKIPPER
Image_5090.jpg,INDRA SWALLOW
Image_2498.jpg,METALMARK
Image_4441.jpg,SLEEPY ORANGE
Image_4752.jpg,CLOUDED SULPHUR
Image_509.jpg,COMMON BANDED AWL
Image_1175.jpg,MILBERTS TORTOISESHELL
Image_897.jpg,CRECENT
Image_1692.jpg,QUESTION MARK
Image_1163.jpg,MOURNING CLOAK
Image_1237.jpg,ATALA
Image_4594.jpg,GOLD BANDED
Image_1112.jpg,CABBAGE WHITE
Image_3998.jpg,AFRICAN GIANT SWALLOWTAIL
Image_335.jpg,EASTERN PINE ELFIN
Image_2307.jpg,SOOTYWING
Image_1249.jpg,MILBERTS TORTOISESHELL
Image_2655.jpg,MONARCH
Image_4092.jpg,PURPLE HAIRSTREAK
Image_768.jpg,BANDED ORANGE HELICONIAN
Image_3674.jpg,EASTERN DAPPLE WHITE
Image_969.jpg,MOURNING CLOAK
Image_4714.jpg,DANAID EGGFLY
Image_2429.jpg,CLEOPATRA
Image_170.jpg,PURPLE HAIRSTREAK
Image_1300.jpg,INDRA SWALLOW
Image_4837.jpg,CHECQUERED SKIPPER
Image_2923.jpg,PURPLISH COPPER
Image_227.jpg,ELBOWED PIERROT
Image_826.jpg,DANAID EGGFLY
Image_4681.jpg,COMMON WOOD-NYMPH
Image_3342.jpg,PAPER KITE
Image_804.jpg,ULYSES
Image_765.jpg,IPHICLUS SISTER
Image_46.jpg,SOOTYWING
Image_4051.jpg,PAINTED LADY
Image_3575.jpg,YELLOW SWALLOW TAIL
Image_4968.jpg,TWO BARRED FLASHER
Image_4087.jpg,VICEROY
Image_5041.jpg,SLEEPY ORANGE
Image_5113.jpg,ADONIS
Image_1063.jpg,MONARCH
Image_2499.jpg,PURPLE HAIRSTREAK
Image_2047.jpg,MESTRA
Image_3737.jpg,CHECQUERED SKIPPER
Image_3447.jpg,YELLOW SWALLOW TAIL
Image_2183.jpg,ORANGE OAKLEAF
Image_1996.jpg,BROWN SIPROETA
Image_1751.jpg,PURPLISH COPPER
Image_1785.jpg,PURPLISH COPPER
Image_529.jpg,AMERICAN SNOOT
Image_734.jpg,CHESTNUT
Image_4346.jpg,PAPER KITE
Image_3819.jpg,CLEOPATRA
Image_4502.jpg,PURPLE HAIRSTREAK
Image_1767.jpg,MONARCH
Image_2696.jpg,PINE WHITE
Image_2987.jpg,APPOLLO
Image_2491.jpg,WOOD SATYR
Image_4682.jpg,RED ADMIRAL
Image_3643.jpg,ELBOWED PIERROT
Image_1079.jpg,PAINTED LADY
Image_3285.jpg,BROWN SIPROETA
Image_3723.jpg,AN 88
Image_3904.jpg,COMMON WOOD-NYMPH
Image_1157.jpg,BLUE MORPHO
Image_3922.jpg,COPPER TAIL
Image_229.jpg,TWO BARRED FLASHER
Image_2447.jpg,BECKERS WHITE
Image_757.jpg,CLEOPATRA
Image_34.jpg,EASTERN PINE ELFIN
Image_550.jpg,GREAT JAY
Image_792.jpg,RED POSTMAN
Image_4813.jpg,SCARCE SWALLOW
Image_3360.jpg,PURPLISH COPPER
Image_2197.jpg,LARGE MARBLE
Image_1218.jpg,BROWN SIPROETA
Image_12.jpg,MILBERTS TORTOISESHELL
Image_1469.jpg,DANAID EGGFLY
Image_434.jpg,ORCHARD SWALLOW
Image_202.jpg,EASTERN DAPPLE WHITE
Image_3827.jpg,GREEN CELLED CATTLEHEART
Image_29.jpg,SCARCE SWALLOW
Image_4345.jpg,ORANGE TIP
Image_406.jpg,METALMARK
Image_2623.jpg,BANDED ORANGE HELICONIAN
Image_2422.jpg,PINE WHITE
Image_514.jpg,BROWN SIPROETA
Image_4428.jpg,METALMARK
Image_2241.jpg,APPOLLO
Image_666.jpg,SOUTHERN DOGFACE
Image_4459.jpg,EASTERN COMA
Image_1823.jpg,SOUTHERN DOGFACE
Image_633.jpg,SOOTYWING
Image_823.jpg,SOUTHERN DOGFACE
Image_1414.jpg,BANDED PEACOCK
Image_3528.jpg,STRAITED QUEEN
Image_3338.jpg,GOLD BANDED
Image_904.jpg,AFRICAN GIANT SWALLOWTAIL
Image_2310.jpg,STRAITED QUEEN
Image_2282.jpg,COMMON BANDED AWL
Image_4990.jpg,SLEEPY ORANGE
Image_816.jpg,CLOUDED SULPHUR
Image_1290.jpg,ATALA
Image_2113.jpg,GREY HAIRSTREAK
Image_4997.jpg,RED SPOTTED PURPLE
Image_2403.jpg,ATALA
Image_4624.jpg,ATALA
Image_3174.jpg,AMERICAN SNOOT
Image_1748.jpg,SOUTHERN DOGFACE
Image_318.jpg,AN 88
Image_2842.jpg,INDRA SWALLOW
Image_3749.jpg,GREAT JAY
Image_1181.jpg,VICEROY
Image_3724.jpg,MOURNING CLOAK
Image_2464.jpg,BLUE MORPHO
Image_3441.jpg,CRECENT
Image_3297.jpg,PINE WHITE
Image_1150.jpg,MOURNING CLOAK
Image_588.jpg,PURPLISH COPPER
Image_3055.jpg,PINE WHITE
Image_3519.jpg,TROPICAL LEAFWING
Image_1584.jpg,SCARCE SWALLOW
Image_2083.jpg,IPHICLUS SISTER
Image_2405.jpg,PURPLISH COPPER
Image_2542.jpg,MANGROVE SKIPPER
Image_1632.jpg,BLACK HAIRSTREAK
Image_2978.jpg,TROPICAL LEAFWING
Image_1227.jpg,AN 88
Image_480.jpg,POPINJAY
Image_1137.jpg,PIPEVINE SWALLOW
Image_523.jpg,ELBOWED PIERROT
Image_53.jpg,MESTRA
Image_1377.jpg,TWO BARRED FLASHER
Image_3546.jpg,AMERICAN SNOOT
Image_3244.jpg,ORANGE TIP
Image_4489.jpg,SLEEPY ORANGE
Image_1154.jpg,CHECQUERED SKIPPER
Image_4484.jpg,BROWN SIPROETA
Image_2460.jpg,RED ADMIRAL
Image_2019.jpg,PIPEVINE SWALLOW
Image_3315.jpg,CHECQUERED SKIPPER
Image_2386.jpg,CLEOPATRA
Image_4304.jpg,BANDED ORANGE HELICONIAN
Image_3823.jpg,CLEOPATRA
Image_2720.jpg,SILVER SPOT SKIPPER
Image_4956.jpg,SOOTYWING
Image_5008.jpg,CHECQUERED SKIPPER
Image_1921.jpg,BLUE SPOTTED CROW
Image_722.jpg,BLUE MORPHO
Image_2122.jpg,CAIRNS BIRDWING
Image_1665.jpg,TROPICAL LEAFWING
Image_3340.jpg,DANAID EGGFLY
Image_1373.jpg,MOURNING CLOAK
Image_1443.jpg,LARGE MARBLE
Image_3477.jpg,BLUE SPOTTED CROW
Image_4802.jpg,MANGROVE SKIPPER
Image_2027.jpg,GOLD BANDED
Image_4545.jpg,RED CRACKER
Image_4107.jpg,SOUTHERN DOGFACE
Image_4118.jpg,YELLOW SWALLOW TAIL
Image_5012.jpg,PAINTED LADY
Image_2570.jpg,RED CRACKER
Image_2773.jpg,AMERICAN SNOOT
Image_3405.jpg,POPINJAY
Image_938.jpg,RED ADMIRAL
Image_843.jpg,SOUTHERN DOGFACE
Image_429.jpg,RED SPOTTED PURPLE
Image_4163.jpg,ULYSES
Image_1518.jpg,CRIMSON PATCH
Image_1338.jpg,AN 88
Image_4851.jpg,EASTERN PINE ELFIN
Image_2228.jpg,PAPER KITE
Image_1682.jpg,BANDED PEACOCK
Image_2803.jpg,EASTERN PINE ELFIN
Image_4447.jpg,ORANGE TIP
Image_2423.jpg,CAIRNS BIRDWING
Image_1614.jpg,IPHICLUS SISTER
Image_3619.jpg,CABBAGE WHITE
Image_2877.jpg,RED SPOTTED PURPLE
Image_4073.jpg,MILBERTS TORTOISESHELL
Image_75.jpg,GREAT EGGFLY
Image_3223.jpg,ZEBRA LONG WING
Image_1056.jpg,PEACOCK
Image_2354.jpg,PAINTED LADY
Image_4246.jpg,YELLOW SWALLOW TAIL
Image_1661.jpg,SOOTYWING
Image_3632.jpg,BANDED ORANGE HELICONIAN
Image_4593.jpg,MANGROVE SKIPPER
Image_3058.jpg,CLEOPATRA
Image_972.jpg,PURPLE HAIRSTREAK
Image_592.jpg,TWO BARRED FLASHER
Image_3009.jpg,PEACOCK
Image_3437.jpg,APPOLLO
Image_4801.jpg,EASTERN DAPPLE WHITE
Image_2299.jpg,ZEBRA LONG WING
Image_1360.jpg,COPPER TAIL
Image_3024.jpg,CLOUDED SULPHUR
Image_527.jpg,LARGE MARBLE
Image_2706.jpg,PURPLE HAIRSTREAK
Image_5151.jpg,SCARCE SWALLOW
Image_3510.jpg,RED CRACKER
Image_4038.jpg,ATALA
Image_968.jpg,ORCHARD SWALLOW
Image_2437.jpg,ORANGE TIP
Image_99.jpg,CHECQUERED SKIPPER
Image_2221.jpg,COMMON WOOD-NYMPH
Image_4629.jpg,CRECENT
Image_4498.jpg,SOOTYWING
Image_3616.jpg,LARGE MARBLE
Image_1962.jpg,AN 88
Image_2064.jpg,METALMARK
Image_299.jpg,COPPER TAIL
Image_4445.jpg,CLOUDED SULPHUR
Image_1596.jpg,PAPER KITE
Image_4207.jpg,CLOUDED SULPHUR
Image_91.jpg,COMMON BANDED AWL
Image_3324.jpg,AN 88
Image_3956.jpg,BANDED ORANGE HELICONIAN
Image_746.jpg,EASTERN PINE ELFIN
Image_80.jpg,EASTERN DAPPLE WHITE
Image_2098.jpg,RED POSTMAN
Image_4556.jpg,AFRICAN GIANT SWALLOWTAIL
Image_5158.jpg,PAPER KITE
Image_649.jpg,GREAT JAY
Image_3800.jpg,JULIA
Image_3172.jpg,LARGE MARBLE
Image_1090.jpg,RED ADMIRAL
Image_3602.jpg,CHESTNUT
Image_3243.jpg,ORANGE TIP
Image_1213.jpg,CLEOPATRA
Image_1261.jpg,EASTERN PINE ELFIN
Image_3289.jpg,PEACOCK
Image_2904.jpg,BECKERS WHITE
Image_2107.jpg,BLUE MORPHO
Image_1693.jpg,CABBAGE WHITE
Image_42.jpg,MONARCH
Image_400.jpg,CHECQUERED SKIPPER
Image_2419.jpg,RED SPOTTED PURPLE
Image_2097.jpg,MANGROVE SKIPPER
Image_3663.jpg,GREAT JAY
Image_489.jpg,BANDED ORANGE HELICONIAN
Image_3763.jpg,TWO BARRED FLASHER
Image_1987.jpg,RED POSTMAN
Image_1172.jpg,BLUE SPOTTED CROW
Image_2743.jpg,BLUE SPOTTED CROW
Image_2535.jpg,CHESTNUT
Image_3075.jpg,METALMARK
Image_2984.jpg,CAIRNS BIRDWING
Image_2186.jpg,MOURNING CLOAK
Image_2364.jpg,CRECENT
Image_2665.jpg,COMMON BANDED AWL
Image_4811.jpg,ORANGE OAKLEAF
Image_513.jpg,STRAITED QUEEN
Image_2361.jpg,VICEROY
Image_510.jpg,SCARCE SWALLOW
Image_4405.jpg,PURPLE HAIRSTREAK
Image_2763.jpg,EASTERN DAPPLE WHITE
Image_5049.jpg,BANDED ORANGE HELICONIAN
Image_1207.jpg,SILVER SPOT SKIPPER
Image_5191.jpg,JULIA
Image_131.jpg,GREAT JAY
Image_2624.jpg,WOOD SATYR
Image_1071.jpg,IPHICLUS SISTER
Image_936.jpg,GREAT EGGFLY
Image_4289.jpg,LARGE MARBLE
Image_1943.jpg,BECKERS WHITE
Image_2892.jpg,IPHICLUS SISTER
Image_2111.jpg,BANDED PEACOCK
Image_251.jpg,EASTERN DAPPLE WHITE
Image_3250.jpg,GREAT EGGFLY
Image_1576.jpg,COPPER TAIL
Image_4440.jpg,AFRICAN GIANT SWALLOWTAIL
Image_1411.jpg,PINE WHITE
Image_542.jpg,PURPLE HAIRSTREAK
Image_608.jpg,CLODIUS PARNASSIAN
Image_2893.jpg,COPPER TAIL
Image_396.jpg,PURPLE HAIRSTREAK
Image_2912.jpg,AFRICAN GIANT SWALLOWTAIL
Image_381.jpg,GREAT JAY
Image_4140.jpg,ORANGE TIP
Image_4046.jpg,JULIA
Image_655.jpg,CRECENT
Image_2305.jpg,DANAID EGGFLY
Image_3520.jpg,GREY HAIRSTREAK
Image_3589.jpg,INDRA SWALLOW
Image_2855.jpg,VICEROY
Image_105.jpg,AN 88
Image_943.jpg,ULYSES
Image_2736.jpg,ORCHARD SWALLOW
Image_116.jpg,INDRA SWALLOW
Image_3417.jpg,PIPEVINE SWALLOW
Image_1831.jpg,PINE WHITE
Image_889.jpg,ZEBRA LONG WING
Image_1970.jpg,QUESTION MARK
Image_1489.jpg,ULYSES
Image_1475.jpg,COMMON BANDED AWL
Image_963.jpg,SOUTHERN DOGFACE
Image_1810.jpg,STRAITED QUEEN
Image_4900.jpg,QUESTION MARK
Image_120.jpg,CHECQUERED SKIPPER
Image_1675.jpg,BECKERS WHITE
Image_37.jpg,GREEN CELLED CATTLEHEART
Image_2813.jpg,GREAT JAY
Image_2989.jpg,METALMARK
Image_3166.jpg,CHESTNUT
Image_3746.jpg,PAINTED LADY
Image_3031.jpg,MILBERTS TORTOISESHELL
Image_2522.jpg,BECKERS WHITE
Image_4320.jpg,CLOUDED SULPHUR
Image_3446.jpg,SILVER SPOT SKIPPER
Image_4201.jpg,EASTERN DAPPLE WHITE
Image_4509.jpg,APPOLLO
Image_5166.jpg,POPINJAY
Image_4341.jpg,CAIRNS BIRDWING
Image_5034.jpg,PAINTED LADY
Image_2911.jpg,YELLOW SWALLOW TAIL
Image_788.jpg,AMERICAN SNOOT
Image_693.jpg,CLOUDED SULPHUR
Image_4654.jpg,CRIMSON PATCH
Image_3578.jpg,DANAID EGGFLY
Image_1790.jpg,BANDED PEACOCK
Image_3128.jpg,GREY HAIRSTREAK
Image_3183.jpg,BANDED ORANGE HELICONIAN
Image_2733.jpg,ORANGE TIP
Image_2847.jpg,ADONIS
Image_5125.jpg,RED ADMIRAL
Image_3849.jpg,CAIRNS BIRDWING
Image_1242.jpg,MILBERTS TORTOISESHELL
Image_533.jpg,ELBOWED PIERROT
Image_847.jpg,SOUTHERN DOGFACE
Image_1068.jpg,CHECQUERED SKIPPER
Image_4381.jpg,CLOUDED SULPHUR
Image_2449.jpg,POPINJAY
Image_2569.jpg,ORANGE TIP
Image_1173.jpg,EASTERN DAPPLE WHITE
Image_2745.jpg,SCARCE SWALLOW
Image_4759.jpg,DANAID EGGFLY
Image_2654.jpg,BLACK HAIRSTREAK
Image_1178.jpg,POPINJAY
Image_2864.jpg,RED POSTMAN
Image_548.jpg,DANAID EGGFLY
Image_454.jpg,AMERICAN SNOOT
Image_1049.jpg,GREY HAIRSTREAK
Image_1644.jpg,CLEOPATRA
Image_4744.jpg,CABBAGE WHITE
Image_2184.jpg,BLUE SPOTTED CROW
Image_874.jpg,AFRICAN GIANT SWALLOWTAIL
Image_3968.jpg,GOLD BANDED
Image_3048.jpg,MESTRA
Image_4803.jpg,EASTERN DAPPLE WHITE
Image_1719.jpg,SOUTHERN DOGFACE
Image_449.jpg,GREEN CELLED CATTLEHEART
Image_1749.jpg,PURPLISH COPPER
Image_516.jpg,CAIRNS BIRDWING
Image_3605.jpg,BLACK HAIRSTREAK
Image_2876.jpg,PEACOCK
Image_5176.jpg,COPPER TAIL
Image_1332.jpg,YELLOW SWALLOW TAIL
Image_4450.jpg,ORCHARD SWALLOW
Image_1903.jpg,PIPEVINE SWALLOW
Image_387.jpg,INDRA SWALLOW
Image_3173.jpg,CHECQUERED SKIPPER
Image_3003.jpg,ATALA
Image_1140.jpg,ORANGE OAKLEAF
Image_1376.jpg,ZEBRA LONG WING
Image_3212.jpg,ADONIS
Image_287.jpg,PINE WHITE
Image_356.jpg,SCARCE SWALLOW
Image_958.jpg,MALACHITE
Image_5181.jpg,TWO BARRED FLASHER
Image_4473.jpg,ATALA
Image_1179.jpg,MILBERTS TORTOISESHELL
Image_4275.jpg,PAPER KITE
Image_5087.jpg,CLODIUS PARNASSIAN
Image_2776.jpg,QUESTION MARK
Image_4528.jpg,MANGROVE SKIPPER
Image_1397.jpg,ORANGE OAKLEAF
Image_1004.jpg,BLUE MORPHO
Image_2468.jpg,INDRA SWALLOW
Image_1972.jpg,WOOD SATYR
Image_2577.jpg,ULYSES
Image_2902.jpg,TROPICAL LEAFWING
Image_2779.jpg,GREEN CELLED CATTLEHEART
Image_3251.jpg,GREAT EGGFLY
Image_263.jpg,BROWN SIPROETA
Image_683.jpg,PURPLE HAIRSTREAK
Image_3270.jpg,ORCHARD SWALLOW
Image_3409.jpg,ATALA
Image_3537.jpg,MANGROVE SKIPPER
Image_3658.jpg,JULIA
Image_1530.jpg,PIPEVINE SWALLOW
Image_1148.jpg,GREEN CELLED CATTLEHEART
Image_2025.jpg,CABBAGE WHITE
Image_269.jpg,BECKERS WHITE
Image_2579.jpg,SLEEPY ORANGE
Image_4066.jpg,STRAITED QUEEN
Image_422.jpg,PURPLISH COPPER
Image_2483.jpg,MILBERTS TORTOISESHELL
Image_2268.jpg,QUESTION MARK
Image_2034.jpg,CLODIUS PARNASSIAN
Image_4767.jpg,MILBERTS TORTOISESHELL
Image_3465.jpg,AN 88
Image_3412.jpg,PIPEVINE SWALLOW
Image_5082.jpg,IPHICLUS SISTER
Image_4702.jpg,ATALA
Image_2281.jpg,WOOD SATYR
Image_4952.jpg,EASTERN COMA
Image_2768.jpg,ULYSES
Image_2257.jpg,PURPLE HAIRSTREAK
Image_1938.jpg,TWO BARRED FLASHER
Image_3741.jpg,RED SPOTTED PURPLE
Image_2953.jpg,GREY HAIRSTREAK
Image_3489.jpg,PINE WHITE
Image_313.jpg,CLEOPATRA
Image_100.jpg,ADONIS
Image_159.jpg,AFRICAN GIANT SWALLOWTAIL
Image_2350.jpg,GREAT EGGFLY
Image_241.jpg,COMMON BANDED AWL
Image_2657.jpg,PAPER KITE
Image_2242.jpg,STRAITED QUEEN
Image_1005.jpg,MOURNING CLOAK
Image_4796.jpg,RED SPOTTED PURPLE
Image_4758.jpg,BROWN SIPROETA
Image_1787.jpg,ZEBRA LONG WING
Image_1635.jpg,AN 88
Image_2819.jpg,ZEBRA LONG WING
Image_3434.jpg,PURPLISH COPPER
Image_1369.jpg,CRIMSON PATCH
Image_1441.jpg,AMERICAN SNOOT
Image_5035.jpg,BLUE SPOTTED CROW
Image_1117.jpg,BROWN SIPROETA
Image_1547.jpg,EASTERN PINE ELFIN
Image_2858.jpg,CAIRNS BIRDWING
Image_4479.jpg,BLUE MORPHO
Image_52.jpg,BECKERS WHITE
Image_3037.jpg,RED POSTMAN
Image_2830.jpg,CLOUDED SULPHUR
Image_3239.jpg,BANDED PEACOCK
Image_1994.jpg,COMMON BANDED AWL
Image_2375.jpg,IPHICLUS SISTER
Image_298.jpg,RED ADMIRAL
Image_4090.jpg,BLUE MORPHO
Image_245.jpg,GREY HAIRSTREAK
Image_1383.jpg,COMMON WOOD-NYMPH
Image_4373.jpg,SLEEPY ORANGE
Image_3900.jpg,CHECQUERED SKIPPER
Image_1685.jpg,INDRA SWALLOW
Image_2532.jpg,MONARCH
Image_1133.jpg,BROWN SIPROETA
Image_2141.jpg,CRECENT
Image_1950.jpg,BLACK HAIRSTREAK
Image_2641.jpg,POPINJAY
Image_279.jpg,GREY HAIRSTREAK
Image_4777.jpg,PINE WHITE
Image_1654.jpg,PURPLISH COPPER
Image_3996.jpg,EASTERN DAPPLE WHITE
Image_4958.jpg,CRECENT
Image_933.jpg,TWO BARRED FLASHER
Image_288.jpg,COMMON WOOD-NYMPH
Image_3214.jpg,SOOTYWING
Image_706.jpg,MOURNING CLOAK
Image_674.jpg,CLEOPATRA
Image_538.jpg,CHESTNUT
Image_3205.jpg,CHESTNUT
Image_156.jpg,GOLD BANDED
Image_1763.jpg,MILBERTS TORTOISESHELL
Image_425.jpg,STRAITED QUEEN
Image_1155.jpg,AFRICAN GIANT SWALLOWTAIL
Image_3339.jpg,RED CRACKER
Image_142.jpg,MOURNING CLOAK
Image_2167.jpg,ADONIS
Image_2609.jpg,COMMON BANDED AWL
Image_1160.jpg,BECKERS WHITE
Image_3771.jpg,MOURNING CLOAK
Image_1354.jpg,EASTERN COMA
Image_2676.jpg,TROPICAL LEAFWING
Image_4351.jpg,IPHICLUS SISTER
Image_2271.jpg,INDRA SWALLOW
Image_1392.jpg,AFRICAN GIANT SWALLOWTAIL
Image_3171.jpg,APPOLLO
Image_2719.jpg,PINE WHITE
Image_1362.jpg,PAPER KITE
Image_854.jpg,APPOLLO
Image_4704.jpg,MOURNING CLOAK
Image_1164.jpg,DANAID EGGFLY
Image_1197.jpg,CABBAGE WHITE
Image_4699.jpg,WOOD SATYR
Image_661.jpg,PIPEVINE SWALLOW
Image_4108.jpg,GREAT EGGFLY
Image_4136.jpg,GREAT JAY
Image_4815.jpg,BANDED ORANGE HELICONIAN
Image_4516.jpg,CABBAGE WHITE
Image_2238.jpg,EASTERN DAPPLE WHITE
Image_3981.jpg,PAINTED LADY
Image_4062.jpg,RED CRACKER
Image_2409.jpg,WOOD SATYR
Image_508.jpg,CLODIUS PARNASSIAN
Image_3353.jpg,PURPLE HAIRSTREAK
Image_4814.jpg,MALACHITE
Image_2870.jpg,BROWN SIPROETA
Image_5102.jpg,APPOLLO
Image_1928.jpg,GREAT JAY
Image_1998.jpg,BLACK HAIRSTREAK
Image_2298.jpg,CRECENT
Image_1978.jpg,MOURNING CLOAK
Image_473.jpg,AMERICAN SNOOT
Image_554.jpg,EASTERN COMA
Image_2898.jpg,COMMON WOOD-NYMPH
Image_428.jpg,RED CRACKER
Image_4398.jpg,DANAID EGGFLY
Image_2444.jpg,RED SPOTTED PURPLE
Image_646.jpg,MESTRA
Image_1115.jpg,EASTERN PINE ELFIN
Image_63.jpg,MONARCH
Image_2554.jpg,VICEROY
Image_4305.jpg,TROPICAL LEAFWING
Image_1162.jpg,TWO BARRED FLASHER
Image_3533.jpg,MALACHITE
Image_2890.jpg,AN 88
Image_486.jpg,EASTERN COMA
Image_124.jpg,RED ADMIRAL
Image_2012.jpg,JULIA
Image_3100.jpg,SOUTHERN DOGFACE
Image_331.jpg,RED POSTMAN
Image_1111.jpg,SOOTYWING
Image_375.jpg,ADONIS
Image_1774.jpg,COPPER TAIL
Image_1988.jpg,BROWN SIPROETA
Image_2744.jpg,WOOD SATYR
Image_853.jpg,SOUTHERN DOGFACE
Image_94.jpg,PEACOCK
Image_3323.jpg,BLUE MORPHO
Image_374.jpg,ORCHARD SWALLOW
Image_636.jpg,ULYSES
Image_4292.jpg,MILBERTS TORTOISESHELL
Image_1419.jpg,BANDED ORANGE HELICONIAN
Image_339.jpg,SOOTYWING
Image_884.jpg,ORANGE OAKLEAF
Image_1731.jpg,SILVER SPOT SKIPPER
Image_2235.jpg,BANDED PEACOCK
Image_1034.jpg,ATALA
Image_4571.jpg,CRIMSON PATCH
Image_3299.jpg,RED POSTMAN
Image_3853.jpg,MOURNING CLOAK
Image_3358.jpg,BROWN SIPROETA
Image_1828.jpg,ATALA
Image_226.jpg,GREEN CELLED CATTLEHEART
Image_2550.jpg,EASTERN COMA
Image_4298.jpg,RED POSTMAN
Image_862.jpg,COMMON BANDED AWL
Image_2373.jpg,SLEEPY ORANGE
Image_2116.jpg,BANDED PEACOCK
Image_4239.jpg,MILBERTS TORTOISESHELL
Image_627.jpg,MOURNING CLOAK
Image_1955.jpg,ORANGE OAKLEAF
Image_2387.jpg,SOOTYWING
Image_2985.jpg,BLUE MORPHO
Image_3005.jpg,IPHICLUS SISTER
Image_845.jpg,CLOUDED SULPHUR
Image_584.jpg,ORANGE OAKLEAF
Image_1600.jpg,MILBERTS TORTOISESHELL
Image_4881.jpg,BECKERS WHITE
Image_4470.jpg,MANGROVE SKIPPER
Image_3184.jpg,BLACK HAIRSTREAK
Image_698.jpg,IPHICLUS SISTER
Image_998.jpg,ATALA
Image_314.jpg,MOURNING CLOAK
Image_2159.jpg,LARGE MARBLE
Image_4477.jpg,QUESTION MARK
Image_4500.jpg,SLEEPY ORANGE
Image_1686.jpg,MALACHITE
Image_1505.jpg,GREAT JAY
Image_4287.jpg,GREAT EGGFLY
Image_304.jpg,RED SPOTTED PURPLE
Image_3687.jpg,ZEBRA LONG WING
Image_4642.jpg,CLOUDED SULPHUR
Image_3603.jpg,CHESTNUT
Image_3302.jpg,APPOLLO
Image_4647.jpg,BANDED ORANGE HELICONIAN
Image_2325.jpg,COMMON BANDED AWL
Image_13.jpg,CABBAGE WHITE
Image_113.jpg,TROPICAL LEAFWING
Image_2101.jpg,BANDED ORANGE HELICONIAN
Image_3109.jpg,YELLOW SWALLOW TAIL
Image_2663.jpg,RED CRACKER
Image_4930.jpg,RED ADMIRAL
Image_2878.jpg,BANDED ORANGE HELICONIAN
Image_840.jpg,WOOD SATYR
Image_3303.jpg,RED POSTMAN
Image_4945.jpg,ORANGE TIP
Image_30.jpg,CRECENT
Image_1628.jpg,PINE WHITE
Image_3691.jpg,ORANGE OAKLEAF
Image_4933.jpg,ADONIS
Image_4617.jpg,GREAT JAY
Image_2754.jpg,SLEEPY ORANGE
Image_3424.jpg,MOURNING CLOAK
Image_2833.jpg,RED ADMIRAL
Image_1629.jpg,BANDED ORANGE HELICONIAN
Image_767.jpg,ZEBRA LONG WING
Image_1370.jpg,STRAITED QUEEN
Image_2930.jpg,BLUE SPOTTED CROW
Image_2895.jpg,TWO BARRED FLASHER
Image_1845.jpg,JULIA
Image_3778.jpg,CAIRNS BIRDWING
Image_372.jpg,AMERICAN SNOOT
Image_4326.jpg,GREAT JAY
Image_3934.jpg,RED SPOTTED PURPLE
Image_1340.jpg,ATALA
Image_2625.jpg,SILVER SPOT SKIPPER
Image_4558.jpg,SOOTYWING
Image_1999.jpg,GREEN CELLED CATTLEHEART
Image_2910.jpg,AMERICAN SNOOT
Image_4747.jpg,COMMON BANDED AWL
Image_689.jpg,SOUTHERN DOGFACE
Image_2007.jpg,PEACOCK
Image_3466.jpg,BLUE SPOTTED CROW
Image_1893.jpg,BLACK HAIRSTREAK
Image_2901.jpg,CABBAGE WHITE
Image_3286.jpg,PEACOCK
Image_4352.jpg,PURPLISH COPPER
Image_2044.jpg,ORANGE TIP
Image_3664.jpg,PINE WHITE
Image_1581.jpg,CHESTNUT
Image_206.jpg,EASTERN COMA
Image_380.jpg,QUESTION MARK
Image_3690.jpg,POPINJAY
Image_3948.jpg,SCARCE SWALLOW
Image_3722.jpg,PAPER KITE
Image_753.jpg,CHECQUERED SKIPPER
Image_4105.jpg,COPPER TAIL
Image_3662.jpg,STRAITED QUEEN
Image_3801.jpg,CHECQUERED SKIPPER
Image_1959.jpg,CHESTNUT
Image_960.jpg,JULIA
Image_1549.jpg,SOOTYWING
Image_5071.jpg,MOURNING CLOAK
Image_14.jpg,METALMARK
Image_4540.jpg,WOOD SATYR
Image_577.jpg,PURPLISH COPPER
Image_4772.jpg,GREEN CELLED CATTLEHEART
Image_709.jpg,EASTERN PINE ELFIN
Image_3854.jpg,MOURNING CLOAK
Image_4833.jpg,MOURNING CLOAK
Image_560.jpg,AMERICAN SNOOT
Image_873.jpg,DANAID EGGFLY
Image_4615.jpg,BANDED PEACOCK
Image_1403.jpg,GOLD BANDED
Image_976.jpg,GREEN CELLED CATTLEHEART
Image_328.jpg,MOURNING CLOAK
Image_4468.jpg,AN 88
Image_1367.jpg,ZEBRA LONG WING
Image_3982.jpg,METALMARK
Image_1436.jpg,PAPER KITE
Image_1105.jpg,ULYSES
Image_4673.jpg,PURPLE HAIRSTREAK
Image_4668.jpg,DANAID EGGFLY
